DATAFLOW,LAST UPDATE,freq,unit,sector,cofog99,na_item,geo,TIME_PERIOD,OBS_VALUE,OBS_FLAG
ESTAT:GOV_10A_EXP(1.0),21/07/22 23:00:00,A,PC_GDP,S13,GF05,TE,AT,1995,1.2,
ESTAT:GOV_10A_EXP(1.0),21/07/22 23:00:00,A,PC_GDP,S13,GF05,TE,AT,1996,1.3,
ESTAT:GOV_10A_EXP(1.0),21/07/22 23:00:00,A,PC_GDP,S13,GF05,TE,AT,1997,0.4,
ESTAT:GOV_10A_EXP(1.0),21/07/22 23:00:00,A,PC_GDP,S13,GF05,TE,AT,1998,0.4,
ESTAT:GOV_10A_EXP(1.0),21/07/22 23:00:00,A,PC_GDP,S13,GF05,TE,AT,1999,0.5,
ESTAT:GOV_10A_EXP(1.0),21/07/22 23:00:00,A,PC_GDP,S13,GF05,TE,AT,2000,0.4,
ESTAT:GOV_10A_EXP(1.0),21/07/22 23:00:00,A,PC_GDP,S13,GF05,TE,AT,2001,0.5,
ESTAT:GOV_10A_EXP(1.0),21/07/22 23:00:00,A,PC_GDP,S13,GF05,TE,AT,2002,0.5,
ESTAT:GOV_10A_EXP(1.0),21/07/22 23:00:00,A,PC_GDP,S13,GF05,TE,AT,2003,0.5,
ESTAT:GOV_10A_EXP(1.0),21/07/22 23:00:00,A,PC_GDP,S13,GF05,TE,AT,2004,0.5,
ESTAT:GOV_10A_EXP(1.0),21/07/22 23:00:00,A,PC_GDP,S13,GF05,TE,AT,2005,0.5,
ESTAT:GOV_10A_EXP(1.0),21/07/22 23:00:00,A,PC_GDP,S13,GF05,TE,AT,2006,0.5,
ESTAT:GOV_10A_EXP(1.0),21/07/22 23:00:00,A,PC_GDP,S13,GF05,TE,AT,2007,0.5,
ESTAT:GOV_10A_EXP(1.0),21/07/22 23:00:00,A,PC_GDP,S13,GF05,TE,AT,2008,0.5,
ESTAT:GOV_10A_EXP(1.0),21/07/22 23:00:00,A,PC_GDP,S13,GF05,TE,AT,2009,0.5,
ESTAT:GOV_10A_EXP(1.0),21/07/22 23:00:00,A,PC_GDP,S13,GF05,TE,AT,2010,0.6,
ESTAT:GOV_10A_EXP(1.0),21/07/22 23:00:00,A,PC_GDP,S13,GF05,TE,AT,2011,0.5,
ESTAT:GOV_10A_EXP(1.0),21/07/22 23:00:00,A,PC_GDP,S13,GF05,TE,AT,2012,0.5,
ESTAT:GOV_10A_EXP(1.0),21/07/22 23:00:00,A,PC_GDP,S13,GF05,TE,AT,2013,0.4,
ESTAT:GOV_10A_EXP(1.0),21/07/22 23:00:00,A,PC_GDP,S13,GF05,TE,AT,2014,0.5,
ESTAT:GOV_10A_EXP(1.0),21/07/22 23:00:00,A,PC_GDP,S13,GF05,TE,AT,2015,0.4,
ESTAT:GOV_10A_EXP(1.0),21/07/22 23:00:00,A,PC_GDP,S13,GF05,TE,AT,2016,0.4,
ESTAT:GOV_10A_EXP(1.0),21/07/22 23:00:00,A,PC_GDP,S13,GF05,TE,AT,2017,0.4,
ESTAT:GOV_10A_EXP(1.0),21/07/22 23:00:00,A,PC_GDP,S13,GF05,TE,AT,2018,0.4,
ESTAT:GOV_10A_EXP(1.0),21/07/22 23:00:00,A,PC_GDP,S13,GF05,TE,AT,2019,0.4,
ESTAT:GOV_10A_EXP(1.0),21/07/22 23:00:00,A,PC_GDP,S13,GF05,TE,AT,2020,0.4,
ESTAT:GOV_10A_EXP(1.0),21/07/22 23:00:00,A,PC_GDP,S13,GF05,TE,BE,1995,0.8,
ESTAT:GOV_10A_EXP(1.0),21/07/22 23:00:00,A,PC_GDP,S13,GF05,TE,BE,1996,0.7,
ESTAT:GOV_10A_EXP(1.0),21/07/22 23:00:00,A,PC_GDP,S13,GF05,TE,BE,1997,0.7,
ESTAT:GOV_10A_EXP(1.0),21/07/22 23:00:00,A,PC_GDP,S13,GF05,TE,BE,1998,0.7,
ESTAT:GOV_10A_EXP(1.0),21/07/22 23:00:00,A,PC_GDP,S13,GF05,TE,BE,1999,0.8,
ESTAT:GOV_10A_EXP(1.0),21/07/22 23:00:00,A,PC_GDP,S13,GF05,TE,BE,2000,0.8,
ESTAT:GOV_10A_EXP(1.0),21/07/22 23:00:00,A,PC_GDP,S13,GF05,TE,BE,2001,0.8,
ESTAT:GOV_10A_EXP(1.0),21/07/22 23:00:00,A,PC_GDP,S13,GF05,TE,BE,2002,0.8,
ESTAT:GOV_10A_EXP(1.0),21/07/22 23:00:00,A,PC_GDP,S13,GF05,TE,BE,2003,0.8,
ESTAT:GOV_10A_EXP(1.0),21/07/22 23:00:00,A,PC_GDP,S13,GF05,TE,BE,2004,0.9,
ESTAT:GOV_10A_EXP(1.0),21/07/22 23:00:00,A,PC_GDP,S13,GF05,TE,BE,2005,0.8,
ESTAT:GOV_10A_EXP(1.0),21/07/22 23:00:00,A,PC_GDP,S13,GF05,TE,BE,2006,0.8,
ESTAT:GOV_10A_EXP(1.0),21/07/22 23:00:00,A,PC_GDP,S13,GF05,TE,BE,2007,0.8,
ESTAT:GOV_10A_EXP(1.0),21/07/22 23:00:00,A,PC_GDP,S13,GF05,TE,BE,2008,1.0,
ESTAT:GOV_10A_EXP(1.0),21/07/22 23:00:00,A,PC_GDP,S13,GF05,TE,BE,2009,1.0,
ESTAT:GOV_10A_EXP(1.0),21/07/22 23:00:00,A,PC_GDP,S13,GF05,TE,BE,2010,1.2,
ESTAT:GOV_10A_EXP(1.0),21/07/22 23:00:00,A,PC_GDP,S13,GF05,TE,BE,2011,1.5,
ESTAT:GOV_10A_EXP(1.0),21/07/22 23:00:00,A,PC_GDP,S13,GF05,TE,BE,2012,1.6,
ESTAT:GOV_10A_EXP(1.0),21/07/22 23:00:00,A,PC_GDP,S13,GF05,TE,BE,2013,1.5,
ESTAT:GOV_10A_EXP(1.0),21/07/22 23:00:00,A,PC_GDP,S13,GF05,TE,BE,2014,1.4,
ESTAT:GOV_10A_EXP(1.0),21/07/22 23:00:00,A,PC_GDP,S13,GF05,TE,BE,2015,1.3,
ESTAT:GOV_10A_EXP(1.0),21/07/22 23:00:00,A,PC_GDP,S13,GF05,TE,BE,2016,1.2,
ESTAT:GOV_10A_EXP(1.0),21/07/22 23:00:00,A,PC_GDP,S13,GF05,TE,BE,2017,1.3,
ESTAT:GOV_10A_EXP(1.0),21/07/22 23:00:00,A,PC_GDP,S13,GF05,TE,BE,2018,1.3,
ESTAT:GOV_10A_EXP(1.0),21/07/22 23:00:00,A,PC_GDP,S13,GF05,TE,BE,2019,1.3,
ESTAT:GOV_10A_EXP(1.0),21/07/22 23:00:00,A,PC_GDP,S13,GF05,TE,BE,2020,1.5,
ESTAT:GOV_10A_EXP(1.0),21/07/22 23:00:00,A,PC_GDP,S13,GF05,TE,BG,1995,0.8,
ESTAT:GOV_10A_EXP(1.0),21/07/22 23:00:00,A,PC_GDP,S13,GF05,TE,BG,1996,0.8,
ESTAT:GOV_10A_EXP(1.0),21/07/22 23:00:00,A,PC_GDP,S13,GF05,TE,BG,1997,0.9,
ESTAT:GOV_10A_EXP(1.0),21/07/22 23:00:00,A,PC_GDP,S13,GF05,TE,BG,1998,0.9,
ESTAT:GOV_10A_EXP(1.0),21/07/22 23:00:00,A,PC_GDP,S13,GF05,TE,BG,1999,1.0,
ESTAT:GOV_10A_EXP(1.0),21/07/22 23:00:00,A,PC_GDP,S13,GF05,TE,BG,2000,1.1,
ESTAT:GOV_10A_EXP(1.0),21/07/22 23:00:00,A,PC_GDP,S13,GF05,TE,BG,2001,1.2,
ESTAT:GOV_10A_EXP(1.0),21/07/22 23:00:00,A,PC_GDP,S13,GF05,TE,BG,2002,0.7,
ESTAT:GOV_10A_EXP(1.0),21/07/22 23:00:00,A,PC_GDP,S13,GF05,TE,BG,2003,0.9,
ESTAT:GOV_10A_EXP(1.0),21/07/22 23:00:00,A,PC_GDP,S13,GF05,TE,BG,2004,0.8,
ESTAT:GOV_10A_EXP(1.0),21/07/22 23:00:00,A,PC_GDP,S13,GF05,TE,BG,2005,0.7,
ESTAT:GOV_10A_EXP(1.0),21/07/22 23:00:00,A,PC_GDP,S13,GF05,TE,BG,2006,1.2,
ESTAT:GOV_10A_EXP(1.0),21/07/22 23:00:00,A,PC_GDP,S13,GF05,TE,BG,2007,1.2,
ESTAT:GOV_10A_EXP(1.0),21/07/22 23:00:00,A,PC_GDP,S13,GF05,TE,BG,2008,0.7,
ESTAT:GOV_10A_EXP(1.0),21/07/22 23:00:00,A,PC_GDP,S13,GF05,TE,BG,2009,1.1,
ESTAT:GOV_10A_EXP(1.0),21/07/22 23:00:00,A,PC_GDP,S13,GF05,TE,BG,2010,0.7,
ESTAT:GOV_10A_EXP(1.0),21/07/22 23:00:00,A,PC_GDP,S13,GF05,TE,BG,2011,0.7,
ESTAT:GOV_10A_EXP(1.0),21/07/22 23:00:00,A,PC_GDP,S13,GF05,TE,BG,2012,0.7,
ESTAT:GOV_10A_EXP(1.0),21/07/22 23:00:00,A,PC_GDP,S13,GF05,TE,BG,2013,0.9,
ESTAT:GOV_10A_EXP(1.0),21/07/22 23:00:00,A,PC_GDP,S13,GF05,TE,BG,2014,0.7,
ESTAT:GOV_10A_EXP(1.0),21/07/22 23:00:00,A,PC_GDP,S13,GF05,TE,BG,2015,0.8,
ESTAT:GOV_10A_EXP(1.0),21/07/22 23:00:00,A,PC_GDP,S13,GF05,TE,BG,2016,0.7,
ESTAT:GOV_10A_EXP(1.0),21/07/22 23:00:00,A,PC_GDP,S13,GF05,TE,BG,2017,0.7,
ESTAT:GOV_10A_EXP(1.0),21/07/22 23:00:00,A,PC_GDP,S13,GF05,TE,BG,2018,0.7,
ESTAT:GOV_10A_EXP(1.0),21/07/22 23:00:00,A,PC_GDP,S13,GF05,TE,BG,2019,0.7,
ESTAT:GOV_10A_EXP(1.0),21/07/22 23:00:00,A,PC_GDP,S13,GF05,TE,BG,2020,0.7,
ESTAT:GOV_10A_EXP(1.0),21/07/22 23:00:00,A,PC_GDP,S13,GF05,TE,CH,1995,0.8,
ESTAT:GOV_10A_EXP(1.0),21/07/22 23:00:00,A,PC_GDP,S13,GF05,TE,CH,1996,0.8,
ESTAT:GOV_10A_EXP(1.0),21/07/22 23:00:00,A,PC_GDP,S13,GF05,TE,CH,1997,0.8,
ESTAT:GOV_10A_EXP(1.0),21/07/22 23:00:00,A,PC_GDP,S13,GF05,TE,CH,1998,0.8,
ESTAT:GOV_10A_EXP(1.0),21/07/22 23:00:00,A,PC_GDP,S13,GF05,TE,CH,1999,0.8,
ESTAT:GOV_10A_EXP(1.0),21/07/22 23:00:00,A,PC_GDP,S13,GF05,TE,CH,2000,0.7,
ESTAT:GOV_10A_EXP(1.0),21/07/22 23:00:00,A,PC_GDP,S13,GF05,TE,CH,2001,0.7,
ESTAT:GOV_10A_EXP(1.0),21/07/22 23:00:00,A,PC_GDP,S13,GF05,TE,CH,2002,0.8,
ESTAT:GOV_10A_EXP(1.0),21/07/22 23:00:00,A,PC_GDP,S13,GF05,TE,CH,2003,0.7,
ESTAT:GOV_10A_EXP(1.0),21/07/22 23:00:00,A,PC_GDP,S13,GF05,TE,CH,2004,0.7,
ESTAT:GOV_10A_EXP(1.0),21/07/22 23:00:00,A,PC_GDP,S13,GF05,TE,CH,2005,0.7,
ESTAT:GOV_10A_EXP(1.0),21/07/22 23:00:00,A,PC_GDP,S13,GF05,TE,CH,2006,0.7,
ESTAT:GOV_10A_EXP(1.0),21/07/22 23:00:00,A,PC_GDP,S13,GF05,TE,CH,2007,0.6,
ESTAT:GOV_10A_EXP(1.0),21/07/22 23:00:00,A,PC_GDP,S13,GF05,TE,CH,2008,0.5,
ESTAT:GOV_10A_EXP(1.0),21/07/22 23:00:00,A,PC_GDP,S13,GF05,TE,CH,2009,0.6,
ESTAT:GOV_10A_EXP(1.0),21/07/22 23:00:00,A,PC_GDP,S13,GF05,TE,CH,2010,0.6,
ESTAT:GOV_10A_EXP(1.0),21/07/22 23:00:00,A,PC_GDP,S13,GF05,TE,CH,2011,0.6,
ESTAT:GOV_10A_EXP(1.0),21/07/22 23:00:00,A,PC_GDP,S13,GF05,TE,CH,2012,0.6,
ESTAT:GOV_10A_EXP(1.0),21/07/22 23:00:00,A,PC_GDP,S13,GF05,TE,CH,2013,0.6,
ESTAT:GOV_10A_EXP(1.0),21/07/22 23:00:00,A,PC_GDP,S13,GF05,TE,CH,2014,0.6,
ESTAT:GOV_10A_EXP(1.0),21/07/22 23:00:00,A,PC_GDP,S13,GF05,TE,CH,2015,0.6,
ESTAT:GOV_10A_EXP(1.0),21/07/22 23:00:00,A,PC_GDP,S13,GF05,TE,CH,2016,0.6,
ESTAT:GOV_10A_EXP(1.0),21/07/22 23:00:00,A,PC_GDP,S13,GF05,TE,CH,2017,0.6,
ESTAT:GOV_10A_EXP(1.0),21/07/22 23:00:00,A,PC_GDP,S13,GF05,TE,CH,2018,0.6,
ESTAT:GOV_10A_EXP(1.0),21/07/22 23:00:00,A,PC_GDP,S13,GF05,TE,CH,2019,0.6,
ESTAT:GOV_10A_EXP(1.0),21/07/22 23:00:00,A,PC_GDP,S13,GF05,TE,CH,2020,0.6,
ESTAT:GOV_10A_EXP(1.0),21/07/22 23:00:00,A,PC_GDP,S13,GF05,TE,CY,1995,0.2,
ESTAT:GOV_10A_EXP(1.0),21/07/22 23:00:00,A,PC_GDP,S13,GF05,TE,CY,1996,0.2,
ESTAT:GOV_10A_EXP(1.0),21/07/22 23:00:00,A,PC_GDP,S13,GF05,TE,CY,1997,0.2,
ESTAT:GOV_10A_EXP(1.0),21/07/22 23:00:00,A,PC_GDP,S13,GF05,TE,CY,1998,0.2,
ESTAT:GOV_10A_EXP(1.0),21/07/22 23:00:00,A,PC_GDP,S13,GF05,TE,CY,1999,0.2,
ESTAT:GOV_10A_EXP(1.0),21/07/22 23:00:00,A,PC_GDP,S13,GF05,TE,CY,2000,0.2,
ESTAT:GOV_10A_EXP(1.0),21/07/22 23:00:00,A,PC_GDP,S13,GF05,TE,CY,2001,0.2,
ESTAT:GOV_10A_EXP(1.0),21/07/22 23:00:00,A,PC_GDP,S13,GF05,TE,CY,2002,0.2,
ESTAT:GOV_10A_EXP(1.0),21/07/22 23:00:00,A,PC_GDP,S13,GF05,TE,CY,2003,0.2,
ESTAT:GOV_10A_EXP(1.0),21/07/22 23:00:00,A,PC_GDP,S13,GF05,TE,CY,2004,0.3,
ESTAT:GOV_10A_EXP(1.0),21/07/22 23:00:00,A,PC_GDP,S13,GF05,TE,CY,2005,0.3,
ESTAT:GOV_10A_EXP(1.0),21/07/22 23:00:00,A,PC_GDP,S13,GF05,TE,CY,2006,0.3,
ESTAT:GOV_10A_EXP(1.0),21/07/22 23:00:00,A,PC_GDP,S13,GF05,TE,CY,2007,0.3,
ESTAT:GOV_10A_EXP(1.0),21/07/22 23:00:00,A,PC_GDP,S13,GF05,TE,CY,2008,0.3,
ESTAT:GOV_10A_EXP(1.0),21/07/22 23:00:00,A,PC_GDP,S13,GF05,TE,CY,2009,0.3,
ESTAT:GOV_10A_EXP(1.0),21/07/22 23:00:00,A,PC_GDP,S13,GF05,TE,CY,2010,0.3,
ESTAT:GOV_10A_EXP(1.0),21/07/22 23:00:00,A,PC_GDP,S13,GF05,TE,CY,2011,0.3,
ESTAT:GOV_10A_EXP(1.0),21/07/22 23:00:00,A,PC_GDP,S13,GF05,TE,CY,2012,0.3,
ESTAT:GOV_10A_EXP(1.0),21/07/22 23:00:00,A,PC_GDP,S13,GF05,TE,CY,2013,0.2,
ESTAT:GOV_10A_EXP(1.0),21/07/22 23:00:00,A,PC_GDP,S13,GF05,TE,CY,2014,0.3,
ESTAT:GOV_10A_EXP(1.0),21/07/22 23:00:00,A,PC_GDP,S13,GF05,TE,CY,2015,0.4,
ESTAT:GOV_10A_EXP(1.0),21/07/22 23:00:00,A,PC_GDP,S13,GF05,TE,CY,2016,0.2,
ESTAT:GOV_10A_EXP(1.0),21/07/22 23:00:00,A,PC_GDP,S13,GF05,TE,CY,2017,0.3,
ESTAT:GOV_10A_EXP(1.0),21/07/22 23:00:00,A,PC_GDP,S13,GF05,TE,CY,2018,0.3,
ESTAT:GOV_10A_EXP(1.0),21/07/22 23:00:00,A,PC_GDP,S13,GF05,TE,CY,2019,0.3,
ESTAT:GOV_10A_EXP(1.0),21/07/22 23:00:00,A,PC_GDP,S13,GF05,TE,CY,2020,0.3,
ESTAT:GOV_10A_EXP(1.0),21/07/22 23:00:00,A,PC_GDP,S13,GF05,TE,CZ,1995,1.1,
ESTAT:GOV_10A_EXP(1.0),21/07/22 23:00:00,A,PC_GDP,S13,GF05,TE,CZ,1996,1.2,
ESTAT:GOV_10A_EXP(1.0),21/07/22 23:00:00,A,PC_GDP,S13,GF05,TE,CZ,1997,1.0,
ESTAT:GOV_10A_EXP(1.0),21/07/22 23:00:00,A,PC_GDP,S13,GF05,TE,CZ,1998,1.0,
ESTAT:GOV_10A_EXP(1.0),21/07/22 23:00:00,A,PC_GDP,S13,GF05,TE,CZ,1999,0.8,
ESTAT:GOV_10A_EXP(1.0),21/07/22 23:00:00,A,PC_GDP,S13,GF05,TE,CZ,2000,0.9,
ESTAT:GOV_10A_EXP(1.0),21/07/22 23:00:00,A,PC_GDP,S13,GF05,TE,CZ,2001,0.9,
ESTAT:GOV_10A_EXP(1.0),21/07/22 23:00:00,A,PC_GDP,S13,GF05,TE,CZ,2002,0.9,
ESTAT:GOV_10A_EXP(1.0),21/07/22 23:00:00,A,PC_GDP,S13,GF05,TE,CZ,2003,1.1,
ESTAT:GOV_10A_EXP(1.0),21/07/22 23:00:00,A,PC_GDP,S13,GF05,TE,CZ,2004,1.0,
ESTAT:GOV_10A_EXP(1.0),21/07/22 23:00:00,A,PC_GDP,S13,GF05,TE,CZ,2005,1.1,
ESTAT:GOV_10A_EXP(1.0),21/07/22 23:00:00,A,PC_GDP,S13,GF05,TE,CZ,2006,1.1,
ESTAT:GOV_10A_EXP(1.0),21/07/22 23:00:00,A,PC_GDP,S13,GF05,TE,CZ,2007,1.0,
ESTAT:GOV_10A_EXP(1.0),21/07/22 23:00:00,A,PC_GDP,S13,GF05,TE,CZ,2008,0.9,
ESTAT:GOV_10A_EXP(1.0),21/07/22 23:00:00,A,PC_GDP,S13,GF05,TE,CZ,2009,0.7,
ESTAT:GOV_10A_EXP(1.0),21/07/22 23:00:00,A,PC_GDP,S13,GF05,TE,CZ,2010,1.0,
ESTAT:GOV_10A_EXP(1.0),21/07/22 23:00:00,A,PC_GDP,S13,GF05,TE,CZ,2011,1.3,
ESTAT:GOV_10A_EXP(1.0),21/07/22 23:00:00,A,PC_GDP,S13,GF05,TE,CZ,2012,1.3,
ESTAT:GOV_10A_EXP(1.0),21/07/22 23:00:00,A,PC_GDP,S13,GF05,TE,CZ,2013,1.0,
ESTAT:GOV_10A_EXP(1.0),21/07/22 23:00:00,A,PC_GDP,S13,GF05,TE,CZ,2014,1.1,
ESTAT:GOV_10A_EXP(1.0),21/07/22 23:00:00,A,PC_GDP,S13,GF05,TE,CZ,2015,1.1,
ESTAT:GOV_10A_EXP(1.0),21/07/22 23:00:00,A,PC_GDP,S13,GF05,TE,CZ,2016,0.7,
ESTAT:GOV_10A_EXP(1.0),21/07/22 23:00:00,A,PC_GDP,S13,GF05,TE,CZ,2017,0.8,
ESTAT:GOV_10A_EXP(1.0),21/07/22 23:00:00,A,PC_GDP,S13,GF05,TE,CZ,2018,0.9,
ESTAT:GOV_10A_EXP(1.0),21/07/22 23:00:00,A,PC_GDP,S13,GF05,TE,CZ,2019,0.8,
ESTAT:GOV_10A_EXP(1.0),21/07/22 23:00:00,A,PC_GDP,S13,GF05,TE,CZ,2020,0.9,
ESTAT:GOV_10A_EXP(1.0),21/07/22 23:00:00,A,PC_GDP,S13,GF05,TE,DE,1995,0.9,
ESTAT:GOV_10A_EXP(1.0),21/07/22 23:00:00,A,PC_GDP,S13,GF05,TE,DE,1996,0.8,
ESTAT:GOV_10A_EXP(1.0),21/07/22 23:00:00,A,PC_GDP,S13,GF05,TE,DE,1997,0.8,
ESTAT:GOV_10A_EXP(1.0),21/07/22 23:00:00,A,PC_GDP,S13,GF05,TE,DE,1998,0.7,
ESTAT:GOV_10A_EXP(1.0),21/07/22 23:00:00,A,PC_GDP,S13,GF05,TE,DE,1999,0.7,
ESTAT:GOV_10A_EXP(1.0),21/07/22 23:00:00,A,PC_GDP,S13,GF05,TE,DE,2000,0.7,
ESTAT:GOV_10A_EXP(1.0),21/07/22 23:00:00,A,PC_GDP,S13,GF05,TE,DE,2001,0.7,
ESTAT:GOV_10A_EXP(1.0),21/07/22 23:00:00,A,PC_GDP,S13,GF05,TE,DE,2002,0.6,
ESTAT:GOV_10A_EXP(1.0),21/07/22 23:00:00,A,PC_GDP,S13,GF05,TE,DE,2003,0.6,
ESTAT:GOV_10A_EXP(1.0),21/07/22 23:00:00,A,PC_GDP,S13,GF05,TE,DE,2004,0.6,
ESTAT:GOV_10A_EXP(1.0),21/07/22 23:00:00,A,PC_GDP,S13,GF05,TE,DE,2005,0.6,
ESTAT:GOV_10A_EXP(1.0),21/07/22 23:00:00,A,PC_GDP,S13,GF05,TE,DE,2006,0.6,
ESTAT:GOV_10A_EXP(1.0),21/07/22 23:00:00,A,PC_GDP,S13,GF05,TE,DE,2007,0.5,
ESTAT:GOV_10A_EXP(1.0),21/07/22 23:00:00,A,PC_GDP,S13,GF05,TE,DE,2008,0.5,
ESTAT:GOV_10A_EXP(1.0),21/07/22 23:00:00,A,PC_GDP,S13,GF05,TE,DE,2009,0.6,
ESTAT:GOV_10A_EXP(1.0),21/07/22 23:00:00,A,PC_GDP,S13,GF05,TE,DE,2010,0.6,
ESTAT:GOV_10A_EXP(1.0),21/07/22 23:00:00,A,PC_GDP,S13,GF05,TE,DE,2011,0.6,
ESTAT:GOV_10A_EXP(1.0),21/07/22 23:00:00,A,PC_GDP,S13,GF05,TE,DE,2012,0.6,
ESTAT:GOV_10A_EXP(1.0),21/07/22 23:00:00,A,PC_GDP,S13,GF05,TE,DE,2013,0.6,
ESTAT:GOV_10A_EXP(1.0),21/07/22 23:00:00,A,PC_GDP,S13,GF05,TE,DE,2014,0.6,
ESTAT:GOV_10A_EXP(1.0),21/07/22 23:00:00,A,PC_GDP,S13,GF05,TE,DE,2015,0.6,
ESTAT:GOV_10A_EXP(1.0),21/07/22 23:00:00,A,PC_GDP,S13,GF05,TE,DE,2016,0.6,
ESTAT:GOV_10A_EXP(1.0),21/07/22 23:00:00,A,PC_GDP,S13,GF05,TE,DE,2017,0.5,
ESTAT:GOV_10A_EXP(1.0),21/07/22 23:00:00,A,PC_GDP,S13,GF05,TE,DE,2018,0.6,p
ESTAT:GOV_10A_EXP(1.0),21/07/22 23:00:00,A,PC_GDP,S13,GF05,TE,DE,2019,0.6,p
ESTAT:GOV_10A_EXP(1.0),21/07/22 23:00:00,A,PC_GDP,S13,GF05,TE,DE,2020,0.7,p
ESTAT:GOV_10A_EXP(1.0),21/07/22 23:00:00,A,PC_GDP,S13,GF05,TE,DK,1995,0.5,
ESTAT:GOV_10A_EXP(1.0),21/07/22 23:00:00,A,PC_GDP,S13,GF05,TE,DK,1996,0.5,
ESTAT:GOV_10A_EXP(1.0),21/07/22 23:00:00,A,PC_GDP,S13,GF05,TE,DK,1997,0.6,
ESTAT:GOV_10A_EXP(1.0),21/07/22 23:00:00,A,PC_GDP,S13,GF05,TE,DK,1998,0.6,
ESTAT:GOV_10A_EXP(1.0),21/07/22 23:00:00,A,PC_GDP,S13,GF05,TE,DK,1999,0.6,
ESTAT:GOV_10A_EXP(1.0),21/07/22 23:00:00,A,PC_GDP,S13,GF05,TE,DK,2000,0.5,
ESTAT:GOV_10A_EXP(1.0),21/07/22 23:00:00,A,PC_GDP,S13,GF05,TE,DK,2001,0.6,
ESTAT:GOV_10A_EXP(1.0),21/07/22 23:00:00,A,PC_GDP,S13,GF05,TE,DK,2002,0.7,
ESTAT:GOV_10A_EXP(1.0),21/07/22 23:00:00,A,PC_GDP,S13,GF05,TE,DK,2003,0.6,
ESTAT:GOV_10A_EXP(1.0),21/07/22 23:00:00,A,PC_GDP,S13,GF05,TE,DK,2004,0.6,
ESTAT:GOV_10A_EXP(1.0),21/07/22 23:00:00,A,PC_GDP,S13,GF05,TE,DK,2005,0.6,
ESTAT:GOV_10A_EXP(1.0),21/07/22 23:00:00,A,PC_GDP,S13,GF05,TE,DK,2006,0.6,
ESTAT:GOV_10A_EXP(1.0),21/07/22 23:00:00,A,PC_GDP,S13,GF05,TE,DK,2007,0.5,
ESTAT:GOV_10A_EXP(1.0),21/07/22 23:00:00,A,PC_GDP,S13,GF05,TE,DK,2008,0.5,
ESTAT:GOV_10A_EXP(1.0),21/07/22 23:00:00,A,PC_GDP,S13,GF05,TE,DK,2009,0.4,
ESTAT:GOV_10A_EXP(1.0),21/07/22 23:00:00,A,PC_GDP,S13,GF05,TE,DK,2010,0.4,
ESTAT:GOV_10A_EXP(1.0),21/07/22 23:00:00,A,PC_GDP,S13,GF05,TE,DK,2011,0.4,
ESTAT:GOV_10A_EXP(1.0),21/07/22 23:00:00,A,PC_GDP,S13,GF05,TE,DK,2012,0.4,
ESTAT:GOV_10A_EXP(1.0),21/07/22 23:00:00,A,PC_GDP,S13,GF05,TE,DK,2013,0.5,
ESTAT:GOV_10A_EXP(1.0),21/07/22 23:00:00,A,PC_GDP,S13,GF05,TE,DK,2014,0.5,
ESTAT:GOV_10A_EXP(1.0),21/07/22 23:00:00,A,PC_GDP,S13,GF05,TE,DK,2015,0.4,
ESTAT:GOV_10A_EXP(1.0),21/07/22 23:00:00,A,PC_GDP,S13,GF05,TE,DK,2016,0.4,
ESTAT:GOV_10A_EXP(1.0),21/07/22 23:00:00,A,PC_GDP,S13,GF05,TE,DK,2017,0.4,
ESTAT:GOV_10A_EXP(1.0),21/07/22 23:00:00,A,PC_GDP,S13,GF05,TE,DK,2018,0.4,
ESTAT:GOV_10A_EXP(1.0),21/07/22 23:00:00,A,PC_GDP,S13,GF05,TE,DK,2019,0.4,
ESTAT:GOV_10A_EXP(1.0),21/07/22 23:00:00,A,PC_GDP,S13,GF05,TE,DK,2020,0.4,
ESTAT:GOV_10A_EXP(1.0),21/07/22 23:00:00,A,PC_GDP,S13,GF05,TE,EA19,1995,0.8,
ESTAT:GOV_10A_EXP(1.0),21/07/22 23:00:00,A,PC_GDP,S13,GF05,TE,EA19,1996,0.8,
ESTAT:GOV_10A_EXP(1.0),21/07/22 23:00:00,A,PC_GDP,S13,GF05,TE,EA19,1997,0.7,
ESTAT:GOV_10A_EXP(1.0),21/07/22 23:00:00,A,PC_GDP,S13,GF05,TE,EA19,1998,0.7,
ESTAT:GOV_10A_EXP(1.0),21/07/22 23:00:00,A,PC_GDP,S13,GF05,TE,EA19,1999,0.7,
ESTAT:GOV_10A_EXP(1.0),21/07/22 23:00:00,A,PC_GDP,S13,GF05,TE,EA19,2000,0.8,
ESTAT:GOV_10A_EXP(1.0),21/07/22 23:00:00,A,PC_GDP,S13,GF05,TE,EA19,2001,0.8,
ESTAT:GOV_10A_EXP(1.0),21/07/22 23:00:00,A,PC_GDP,S13,GF05,TE,EA19,2002,0.8,
ESTAT:GOV_10A_EXP(1.0),21/07/22 23:00:00,A,PC_GDP,S13,GF05,TE,EA19,2003,0.8,
ESTAT:GOV_10A_EXP(1.0),21/07/22 23:00:00,A,PC_GDP,S13,GF05,TE,EA19,2004,0.8,
ESTAT:GOV_10A_EXP(1.0),21/07/22 23:00:00,A,PC_GDP,S13,GF05,TE,EA19,2005,0.8,
ESTAT:GOV_10A_EXP(1.0),21/07/22 23:00:00,A,PC_GDP,S13,GF05,TE,EA19,2006,0.8,
ESTAT:GOV_10A_EXP(1.0),21/07/22 23:00:00,A,PC_GDP,S13,GF05,TE,EA19,2007,0.8,
ESTAT:GOV_10A_EXP(1.0),21/07/22 23:00:00,A,PC_GDP,S13,GF05,TE,EA19,2008,0.8,
ESTAT:GOV_10A_EXP(1.0),21/07/22 23:00:00,A,PC_GDP,S13,GF05,TE,EA19,2009,0.9,
ESTAT:GOV_10A_EXP(1.0),21/07/22 23:00:00,A,PC_GDP,S13,GF05,TE,EA19,2010,0.9,
ESTAT:GOV_10A_EXP(1.0),21/07/22 23:00:00,A,PC_GDP,S13,GF05,TE,EA19,2011,0.9,
ESTAT:GOV_10A_EXP(1.0),21/07/22 23:00:00,A,PC_GDP,S13,GF05,TE,EA19,2012,0.9,
ESTAT:GOV_10A_EXP(1.0),21/07/22 23:00:00,A,PC_GDP,S13,GF05,TE,EA19,2013,0.9,
ESTAT:GOV_10A_EXP(1.0),21/07/22 23:00:00,A,PC_GDP,S13,GF05,TE,EA19,2014,0.9,
ESTAT:GOV_10A_EXP(1.0),21/07/22 23:00:00,A,PC_GDP,S13,GF05,TE,EA19,2015,0.8,
ESTAT:GOV_10A_EXP(1.0),21/07/22 23:00:00,A,PC_GDP,S13,GF05,TE,EA19,2016,0.8,
ESTAT:GOV_10A_EXP(1.0),21/07/22 23:00:00,A,PC_GDP,S13,GF05,TE,EA19,2017,0.8,
ESTAT:GOV_10A_EXP(1.0),21/07/22 23:00:00,A,PC_GDP,S13,GF05,TE,EA19,2018,0.8,
ESTAT:GOV_10A_EXP(1.0),21/07/22 23:00:00,A,PC_GDP,S13,GF05,TE,EA19,2019,0.8,
ESTAT:GOV_10A_EXP(1.0),21/07/22 23:00:00,A,PC_GDP,S13,GF05,TE,EA19,2020,0.9,
ESTAT:GOV_10A_EXP(1.0),21/07/22 23:00:00,A,PC_GDP,S13,GF05,TE,EE,1995,0.6,
ESTAT:GOV_10A_EXP(1.0),21/07/22 23:00:00,A,PC_GDP,S13,GF05,TE,EE,1996,0.6,
ESTAT:GOV_10A_EXP(1.0),21/07/22 23:00:00,A,PC_GDP,S13,GF05,TE,EE,1997,0.7,
ESTAT:GOV_10A_EXP(1.0),21/07/22 23:00:00,A,PC_GDP,S13,GF05,TE,EE,1998,0.6,
ESTAT:GOV_10A_EXP(1.0),21/07/22 23:00:00,A,PC_GDP,S13,GF05,TE,EE,1999,0.6,
ESTAT:GOV_10A_EXP(1.0),21/07/22 23:00:00,A,PC_GDP,S13,GF05,TE,EE,2000,0.5,
ESTAT:GOV_10A_EXP(1.0),21/07/22 23:00:00,A,PC_GDP,S13,GF05,TE,EE,2001,0.7,
ESTAT:GOV_10A_EXP(1.0),21/07/22 23:00:00,A,PC_GDP,S13,GF05,TE,EE,2002,0.6,
ESTAT:GOV_10A_EXP(1.0),21/07/22 23:00:00,A,PC_GDP,S13,GF05,TE,EE,2003,0.7,
ESTAT:GOV_10A_EXP(1.0),21/07/22 23:00:00,A,PC_GDP,S13,GF05,TE,EE,2004,0.7,
ESTAT:GOV_10A_EXP(1.0),21/07/22 23:00:00,A,PC_GDP,S13,GF05,TE,EE,2005,0.9,
ESTAT:GOV_10A_EXP(1.0),21/07/22 23:00:00,A,PC_GDP,S13,GF05,TE,EE,2006,0.8,
ESTAT:GOV_10A_EXP(1.0),21/07/22 23:00:00,A,PC_GDP,S13,GF05,TE,EE,2007,0.9,
ESTAT:GOV_10A_EXP(1.0),21/07/22 23:00:00,A,PC_GDP,S13,GF05,TE,EE,2008,1.1,
ESTAT:GOV_10A_EXP(1.0),21/07/22 23:00:00,A,PC_GDP,S13,GF05,TE,EE,2009,0.8,
ESTAT:GOV_10A_EXP(1.0),21/07/22 23:00:00,A,PC_GDP,S13,GF05,TE,EE,2010,-0.3,
ESTAT:GOV_10A_EXP(1.0),21/07/22 23:00:00,A,PC_GDP,S13,GF05,TE,EE,2011,-0.2,
ESTAT:GOV_10A_EXP(1.0),21/07/22 23:00:00,A,PC_GDP,S13,GF05,TE,EE,2012,0.9,
ESTAT:GOV_10A_EXP(1.0),21/07/22 23:00:00,A,PC_GDP,S13,GF05,TE,EE,2013,0.7,
ESTAT:GOV_10A_EXP(1.0),21/07/22 23:00:00,A,PC_GDP,S13,GF05,TE,EE,2014,0.7,
ESTAT:GOV_10A_EXP(1.0),21/07/22 23:00:00,A,PC_GDP,S13,GF05,TE,EE,2015,0.7,
ESTAT:GOV_10A_EXP(1.0),21/07/22 23:00:00,A,PC_GDP,S13,GF05,TE,EE,2016,0.6,
ESTAT:GOV_10A_EXP(1.0),21/07/22 23:00:00,A,PC_GDP,S13,GF05,TE,EE,2017,0.7,
ESTAT:GOV_10A_EXP(1.0),21/07/22 23:00:00,A,PC_GDP,S13,GF05,TE,EE,2018,0.8,
ESTAT:GOV_10A_EXP(1.0),21/07/22 23:00:00,A,PC_GDP,S13,GF05,TE,EE,2019,0.7,
ESTAT:GOV_10A_EXP(1.0),21/07/22 23:00:00,A,PC_GDP,S13,GF05,TE,EE,2020,0.7,
ESTAT:GOV_10A_EXP(1.0),21/07/22 23:00:00,A,PC_GDP,S13,GF05,TE,EL,1995,0.4,
ESTAT:GOV_10A_EXP(1.0),21/07/22 23:00:00,A,PC_GDP,S13,GF05,TE,EL,1996,0.4,
ESTAT:GOV_10A_EXP(1.0),21/07/22 23:00:00,A,PC_GDP,S13,GF05,TE,EL,1997,0.4,
ESTAT:GOV_10A_EXP(1.0),21/07/22 23:00:00,A,PC_GDP,S13,GF05,TE,EL,1998,0.4,
ESTAT:GOV_10A_EXP(1.0),21/07/22 23:00:00,A,PC_GDP,S13,GF05,TE,EL,1999,0.4,
ESTAT:GOV_10A_EXP(1.0),21/07/22 23:00:00,A,PC_GDP,S13,GF05,TE,EL,2000,0.4,
ESTAT:GOV_10A_EXP(1.0),21/07/22 23:00:00,A,PC_GDP,S13,GF05,TE,EL,2001,0.5,
ESTAT:GOV_10A_EXP(1.0),21/07/22 23:00:00,A,PC_GDP,S13,GF05,TE,EL,2002,0.5,
ESTAT:GOV_10A_EXP(1.0),21/07/22 23:00:00,A,PC_GDP,S13,GF05,TE,EL,2003,0.4,
ESTAT:GOV_10A_EXP(1.0),21/07/22 23:00:00,A,PC_GDP,S13,GF05,TE,EL,2004,0.5,
ESTAT:GOV_10A_EXP(1.0),21/07/22 23:00:00,A,PC_GDP,S13,GF05,TE,EL,2005,0.6,
ESTAT:GOV_10A_EXP(1.0),21/07/22 23:00:00,A,PC_GDP,S13,GF05,TE,EL,2006,0.8,
ESTAT:GOV_10A_EXP(1.0),21/07/22 23:00:00,A,PC_GDP,S13,GF05,TE,EL,2007,0.8,
ESTAT:GOV_10A_EXP(1.0),21/07/22 23:00:00,A,PC_GDP,S13,GF05,TE,EL,2008,0.9,
ESTAT:GOV_10A_EXP(1.0),21/07/22 23:00:00,A,PC_GDP,S13,GF05,TE,EL,2009,0.9,
ESTAT:GOV_10A_EXP(1.0),21/07/22 23:00:00,A,PC_GDP,S13,GF05,TE,EL,2010,0.8,
ESTAT:GOV_10A_EXP(1.0),21/07/22 23:00:00,A,PC_GDP,S13,GF05,TE,EL,2011,0.9,
ESTAT:GOV_10A_EXP(1.0),21/07/22 23:00:00,A,PC_GDP,S13,GF05,TE,EL,2012,1.1,
ESTAT:GOV_10A_EXP(1.0),21/07/22 23:00:00,A,PC_GDP,S13,GF05,TE,EL,2013,1.7,
ESTAT:GOV_10A_EXP(1.0),21/07/22 23:00:00,A,PC_GDP,S13,GF05,TE,EL,2014,1.5,
ESTAT:GOV_10A_EXP(1.0),21/07/22 23:00:00,A,PC_GDP,S13,GF05,TE,EL,2015,1.5,
ESTAT:GOV_10A_EXP(1.0),21/07/22 23:00:00,A,PC_GDP,S13,GF05,TE,EL,2016,1.5,
ESTAT:GOV_10A_EXP(1.0),21/07/22 23:00:00,A,PC_GDP,S13,GF05,TE,EL,2017,1.4,
ESTAT:GOV_10A_EXP(1.0),21/07/22 23:00:00,A,PC_GDP,S13,GF05,TE,EL,2018,1.4,
ESTAT:GOV_10A_EXP(1.0),21/07/22 23:00:00,A,PC_GDP,S13,GF05,TE,EL,2019,1.4,
ESTAT:GOV_10A_EXP(1.0),21/07/22 23:00:00,A,PC_GDP,S13,GF05,TE,EL,2020,1.6,
ESTAT:GOV_10A_EXP(1.0),21/07/22 23:00:00,A,PC_GDP,S13,GF05,TE,ES,1995,0.8,
ESTAT:GOV_10A_EXP(1.0),21/07/22 23:00:00,A,PC_GDP,S13,GF05,TE,ES,1996,0.8,
ESTAT:GOV_10A_EXP(1.0),21/07/22 23:00:00,A,PC_GDP,S13,GF05,TE,ES,1997,0.8,
ESTAT:GOV_10A_EXP(1.0),21/07/22 23:00:00,A,PC_GDP,S13,GF05,TE,ES,1998,0.8,
ESTAT:GOV_10A_EXP(1.0),21/07/22 23:00:00,A,PC_GDP,S13,GF05,TE,ES,1999,0.9,
ESTAT:GOV_10A_EXP(1.0),21/07/22 23:00:00,A,PC_GDP,S13,GF05,TE,ES,2000,0.7,
ESTAT:GOV_10A_EXP(1.0),21/07/22 23:00:00,A,PC_GDP,S13,GF05,TE,ES,2001,0.9,
ESTAT:GOV_10A_EXP(1.0),21/07/22 23:00:00,A,PC_GDP,S13,GF05,TE,ES,2002,0.9,
ESTAT:GOV_10A_EXP(1.0),21/07/22 23:00:00,A,PC_GDP,S13,GF05,TE,ES,2003,1.0,
ESTAT:GOV_10A_EXP(1.0),21/07/22 23:00:00,A,PC_GDP,S13,GF05,TE,ES,2004,0.9,
ESTAT:GOV_10A_EXP(1.0),21/07/22 23:00:00,A,PC_GDP,S13,GF05,TE,ES,2005,0.9,
ESTAT:GOV_10A_EXP(1.0),21/07/22 23:00:00,A,PC_GDP,S13,GF05,TE,ES,2006,1.0,
ESTAT:GOV_10A_EXP(1.0),21/07/22 23:00:00,A,PC_GDP,S13,GF05,TE,ES,2007,1.0,
ESTAT:GOV_10A_EXP(1.0),21/07/22 23:00:00,A,PC_GDP,S13,GF05,TE,ES,2008,1.0,
ESTAT:GOV_10A_EXP(1.0),21/07/22 23:00:00,A,PC_GDP,S13,GF05,TE,ES,2009,1.1,
ESTAT:GOV_10A_EXP(1.0),21/07/22 23:00:00,A,PC_GDP,S13,GF05,TE,ES,2010,1.1,
ESTAT:GOV_10A_EXP(1.0),21/07/22 23:00:00,A,PC_GDP,S13,GF05,TE,ES,2011,1.0,
ESTAT:GOV_10A_EXP(1.0),21/07/22 23:00:00,A,PC_GDP,S13,GF05,TE,ES,2012,1.0,
ESTAT:GOV_10A_EXP(1.0),21/07/22 23:00:00,A,PC_GDP,S13,GF05,TE,ES,2013,0.9,
ESTAT:GOV_10A_EXP(1.0),21/07/22 23:00:00,A,PC_GDP,S13,GF05,TE,ES,2014,0.9,
ESTAT:GOV_10A_EXP(1.0),21/07/22 23:00:00,A,PC_GDP,S13,GF05,TE,ES,2015,0.9,
ESTAT:GOV_10A_EXP(1.0),21/07/22 23:00:00,A,PC_GDP,S13,GF05,TE,ES,2016,0.9,
ESTAT:GOV_10A_EXP(1.0),21/07/22 23:00:00,A,PC_GDP,S13,GF05,TE,ES,2017,0.9,
ESTAT:GOV_10A_EXP(1.0),21/07/22 23:00:00,A,PC_GDP,S13,GF05,TE,ES,2018,0.9,
ESTAT:GOV_10A_EXP(1.0),21/07/22 23:00:00,A,PC_GDP,S13,GF05,TE,ES,2019,0.9,
ESTAT:GOV_10A_EXP(1.0),21/07/22 23:00:00,A,PC_GDP,S13,GF05,TE,ES,2020,1.0,p
ESTAT:GOV_10A_EXP(1.0),21/07/22 23:00:00,A,PC_GDP,S13,GF05,TE,EU27_2020,1995,0.8,
ESTAT:GOV_10A_EXP(1.0),21/07/22 23:00:00,A,PC_GDP,S13,GF05,TE,EU27_2020,1996,0.8,
ESTAT:GOV_10A_EXP(1.0),21/07/22 23:00:00,A,PC_GDP,S13,GF05,TE,EU27_2020,1997,0.7,
ESTAT:GOV_10A_EXP(1.0),21/07/22 23:00:00,A,PC_GDP,S13,GF05,TE,EU27_2020,1998,0.7,
ESTAT:GOV_10A_EXP(1.0),21/07/22 23:00:00,A,PC_GDP,S13,GF05,TE,EU27_2020,1999,0.7,
ESTAT:GOV_10A_EXP(1.0),21/07/22 23:00:00,A,PC_GDP,S13,GF05,TE,EU27_2020,2000,0.7,
ESTAT:GOV_10A_EXP(1.0),21/07/22 23:00:00,A,PC_GDP,S13,GF05,TE,EU27_2020,2001,0.7,
ESTAT:GOV_10A_EXP(1.0),21/07/22 23:00:00,A,PC_GDP,S13,GF05,TE,EU27_2020,2002,0.8,
ESTAT:GOV_10A_EXP(1.0),21/07/22 23:00:00,A,PC_GDP,S13,GF05,TE,EU27_2020,2003,0.8,
ESTAT:GOV_10A_EXP(1.0),21/07/22 23:00:00,A,PC_GDP,S13,GF05,TE,EU27_2020,2004,0.7,
ESTAT:GOV_10A_EXP(1.0),21/07/22 23:00:00,A,PC_GDP,S13,GF05,TE,EU27_2020,2005,0.8,
ESTAT:GOV_10A_EXP(1.0),21/07/22 23:00:00,A,PC_GDP,S13,GF05,TE,EU27_2020,2006,0.8,
ESTAT:GOV_10A_EXP(1.0),21/07/22 23:00:00,A,PC_GDP,S13,GF05,TE,EU27_2020,2007,0.8,
ESTAT:GOV_10A_EXP(1.0),21/07/22 23:00:00,A,PC_GDP,S13,GF05,TE,EU27_2020,2008,0.8,
ESTAT:GOV_10A_EXP(1.0),21/07/22 23:00:00,A,PC_GDP,S13,GF05,TE,EU27_2020,2009,0.8,
ESTAT:GOV_10A_EXP(1.0),21/07/22 23:00:00,A,PC_GDP,S13,GF05,TE,EU27_2020,2010,0.8,
ESTAT:GOV_10A_EXP(1.0),21/07/22 23:00:00,A,PC_GDP,S13,GF05,TE,EU27_2020,2011,0.8,
ESTAT:GOV_10A_EXP(1.0),21/07/22 23:00:00,A,PC_GDP,S13,GF05,TE,EU27_2020,2012,0.8,
ESTAT:GOV_10A_EXP(1.0),21/07/22 23:00:00,A,PC_GDP,S13,GF05,TE,EU27_2020,2013,0.8,
ESTAT:GOV_10A_EXP(1.0),21/07/22 23:00:00,A,PC_GDP,S13,GF05,TE,EU27_2020,2014,0.8,
ESTAT:GOV_10A_EXP(1.0),21/07/22 23:00:00,A,PC_GDP,S13,GF05,TE,EU27_2020,2015,0.8,
ESTAT:GOV_10A_EXP(1.0),21/07/22 23:00:00,A,PC_GDP,S13,GF05,TE,EU27_2020,2016,0.8,
ESTAT:GOV_10A_EXP(1.0),21/07/22 23:00:00,A,PC_GDP,S13,GF05,TE,EU27_2020,2017,0.8,
ESTAT:GOV_10A_EXP(1.0),21/07/22 23:00:00,A,PC_GDP,S13,GF05,TE,EU27_2020,2018,0.8,
ESTAT:GOV_10A_EXP(1.0),21/07/22 23:00:00,A,PC_GDP,S13,GF05,TE,EU27_2020,2019,0.8,
ESTAT:GOV_10A_EXP(1.0),21/07/22 23:00:00,A,PC_GDP,S13,GF05,TE,EU27_2020,2020,0.9,
ESTAT:GOV_10A_EXP(1.0),21/07/22 23:00:00,A,PC_GDP,S13,GF05,TE,FI,1990,0.2,
ESTAT:GOV_10A_EXP(1.0),21/07/22 23:00:00,A,PC_GDP,S13,GF05,TE,FI,1991,0.3,
ESTAT:GOV_10A_EXP(1.0),21/07/22 23:00:00,A,PC_GDP,S13,GF05,TE,FI,1992,0.3,
ESTAT:GOV_10A_EXP(1.0),21/07/22 23:00:00,A,PC_GDP,S13,GF05,TE,FI,1993,0.3,
ESTAT:GOV_10A_EXP(1.0),21/07/22 23:00:00,A,PC_GDP,S13,GF05,TE,FI,1994,0.3,
ESTAT:GOV_10A_EXP(1.0),21/07/22 23:00:00,A,PC_GDP,S13,GF05,TE,FI,1995,0.3,
ESTAT:GOV_10A_EXP(1.0),21/07/22 23:00:00,A,PC_GDP,S13,GF05,TE,FI,1996,0.3,
ESTAT:GOV_10A_EXP(1.0),21/07/22 23:00:00,A,PC_GDP,S13,GF05,TE,FI,1997,0.3,
ESTAT:GOV_10A_EXP(1.0),21/07/22 23:00:00,A,PC_GDP,S13,GF05,TE,FI,1998,0.3,
ESTAT:GOV_10A_EXP(1.0),21/07/22 23:00:00,A,PC_GDP,S13,GF05,TE,FI,1999,0.3,
ESTAT:GOV_10A_EXP(1.0),21/07/22 23:00:00,A,PC_GDP,S13,GF05,TE,FI,2000,0.3,
ESTAT:GOV_10A_EXP(1.0),21/07/22 23:00:00,A,PC_GDP,S13,GF05,TE,FI,2001,0.3,
ESTAT:GOV_10A_EXP(1.0),21/07/22 23:00:00,A,PC_GDP,S13,GF05,TE,FI,2002,0.3,
ESTAT:GOV_10A_EXP(1.0),21/07/22 23:00:00,A,PC_GDP,S13,GF05,TE,FI,2003,0.3,
ESTAT:GOV_10A_EXP(1.0),21/07/22 23:00:00,A,PC_GDP,S13,GF05,TE,FI,2004,0.3,
ESTAT:GOV_10A_EXP(1.0),21/07/22 23:00:00,A,PC_GDP,S13,GF05,TE,FI,2005,0.3,
ESTAT:GOV_10A_EXP(1.0),21/07/22 23:00:00,A,PC_GDP,S13,GF05,TE,FI,2006,0.3,
ESTAT:GOV_10A_EXP(1.0),21/07/22 23:00:00,A,PC_GDP,S13,GF05,TE,FI,2007,0.3,
ESTAT:GOV_10A_EXP(1.0),21/07/22 23:00:00,A,PC_GDP,S13,GF05,TE,FI,2008,0.3,
ESTAT:GOV_10A_EXP(1.0),21/07/22 23:00:00,A,PC_GDP,S13,GF05,TE,FI,2009,0.3,
ESTAT:GOV_10A_EXP(1.0),21/07/22 23:00:00,A,PC_GDP,S13,GF05,TE,FI,2010,0.3,
ESTAT:GOV_10A_EXP(1.0),21/07/22 23:00:00,A,PC_GDP,S13,GF05,TE,FI,2011,0.2,
ESTAT:GOV_10A_EXP(1.0),21/07/22 23:00:00,A,PC_GDP,S13,GF05,TE,FI,2012,0.2,
ESTAT:GOV_10A_EXP(1.0),21/07/22 23:00:00,A,PC_GDP,S13,GF05,TE,FI,2013,0.3,
ESTAT:GOV_10A_EXP(1.0),21/07/22 23:00:00,A,PC_GDP,S13,GF05,TE,FI,2014,0.3,
ESTAT:GOV_10A_EXP(1.0),21/07/22 23:00:00,A,PC_GDP,S13,GF05,TE,FI,2015,0.2,b
ESTAT:GOV_10A_EXP(1.0),21/07/22 23:00:00,A,PC_GDP,S13,GF05,TE,FI,2016,0.2,
ESTAT:GOV_10A_EXP(1.0),21/07/22 23:00:00,A,PC_GDP,S13,GF05,TE,FI,2017,0.2,
ESTAT:GOV_10A_EXP(1.0),21/07/22 23:00:00,A,PC_GDP,S13,GF05,TE,FI,2018,0.2,
ESTAT:GOV_10A_EXP(1.0),21/07/22 23:00:00,A,PC_GDP,S13,GF05,TE,FI,2019,0.2,
ESTAT:GOV_10A_EXP(1.0),21/07/22 23:00:00,A,PC_GDP,S13,GF05,TE,FI,2020,0.2,
ESTAT:GOV_10A_EXP(1.0),21/07/22 23:00:00,A,PC_GDP,S13,GF05,TE,FR,1995,0.6,
ESTAT:GOV_10A_EXP(1.0),21/07/22 23:00:00,A,PC_GDP,S13,GF05,TE,FR,1996,0.6,
ESTAT:GOV_10A_EXP(1.0),21/07/22 23:00:00,A,PC_GDP,S13,GF05,TE,FR,1997,0.6,
ESTAT:GOV_10A_EXP(1.0),21/07/22 23:00:00,A,PC_GDP,S13,GF05,TE,FR,1998,0.6,
ESTAT:GOV_10A_EXP(1.0),21/07/22 23:00:00,A,PC_GDP,S13,GF05,TE,FR,1999,0.6,
ESTAT:GOV_10A_EXP(1.0),21/07/22 23:00:00,A,PC_GDP,S13,GF05,TE,FR,2000,0.7,
ESTAT:GOV_10A_EXP(1.0),21/07/22 23:00:00,A,PC_GDP,S13,GF05,TE,FR,2001,0.7,
ESTAT:GOV_10A_EXP(1.0),21/07/22 23:00:00,A,PC_GDP,S13,GF05,TE,FR,2002,0.8,
ESTAT:GOV_10A_EXP(1.0),21/07/22 23:00:00,A,PC_GDP,S13,GF05,TE,FR,2003,0.8,
ESTAT:GOV_10A_EXP(1.0),21/07/22 23:00:00,A,PC_GDP,S13,GF05,TE,FR,2004,0.8,
ESTAT:GOV_10A_EXP(1.0),21/07/22 23:00:00,A,PC_GDP,S13,GF05,TE,FR,2005,0.9,
ESTAT:GOV_10A_EXP(1.0),21/07/22 23:00:00,A,PC_GDP,S13,GF05,TE,FR,2006,0.9,
ESTAT:GOV_10A_EXP(1.0),21/07/22 23:00:00,A,PC_GDP,S13,GF05,TE,FR,2007,0.9,
ESTAT:GOV_10A_EXP(1.0),21/07/22 23:00:00,A,PC_GDP,S13,GF05,TE,FR,2008,0.9,
ESTAT:GOV_10A_EXP(1.0),21/07/22 23:00:00,A,PC_GDP,S13,GF05,TE,FR,2009,1.0,
ESTAT:GOV_10A_EXP(1.0),21/07/22 23:00:00,A,PC_GDP,S13,GF05,TE,FR,2010,1.0,
ESTAT:GOV_10A_EXP(1.0),21/07/22 23:00:00,A,PC_GDP,S13,GF05,TE,FR,2011,1.0,
ESTAT:GOV_10A_EXP(1.0),21/07/22 23:00:00,A,PC_GDP,S13,GF05,TE,FR,2012,1.0,
ESTAT:GOV_10A_EXP(1.0),21/07/22 23:00:00,A,PC_GDP,S13,GF05,TE,FR,2013,1.0,
ESTAT:GOV_10A_EXP(1.0),21/07/22 23:00:00,A,PC_GDP,S13,GF05,TE,FR,2014,1.0,
ESTAT:GOV_10A_EXP(1.0),21/07/22 23:00:00,A,PC_GDP,S13,GF05,TE,FR,2015,1.0,
ESTAT:GOV_10A_EXP(1.0),21/07/22 23:00:00,A,PC_GDP,S13,GF05,TE,FR,2016,0.9,
ESTAT:GOV_10A_EXP(1.0),21/07/22 23:00:00,A,PC_GDP,S13,GF05,TE,FR,2017,0.9,
ESTAT:GOV_10A_EXP(1.0),21/07/22 23:00:00,A,PC_GDP,S13,GF05,TE,FR,2018,1.0,
ESTAT:GOV_10A_EXP(1.0),21/07/22 23:00:00,A,PC_GDP,S13,GF05,TE,FR,2019,1.0,p
ESTAT:GOV_10A_EXP(1.0),21/07/22 23:00:00,A,PC_GDP,S13,GF05,TE,FR,2020,1.0,p
ESTAT:GOV_10A_EXP(1.0),21/07/22 23:00:00,A,PC_GDP,S13,GF05,TE,HR,1995,0.7,
ESTAT:GOV_10A_EXP(1.0),21/07/22 23:00:00,A,PC_GDP,S13,GF05,TE,HR,1996,0.7,
ESTAT:GOV_10A_EXP(1.0),21/07/22 23:00:00,A,PC_GDP,S13,GF05,TE,HR,1997,0.7,
ESTAT:GOV_10A_EXP(1.0),21/07/22 23:00:00,A,PC_GDP,S13,GF05,TE,HR,1998,0.7,
ESTAT:GOV_10A_EXP(1.0),21/07/22 23:00:00,A,PC_GDP,S13,GF05,TE,HR,1999,0.8,
ESTAT:GOV_10A_EXP(1.0),21/07/22 23:00:00,A,PC_GDP,S13,GF05,TE,HR,2000,0.7,
ESTAT:GOV_10A_EXP(1.0),21/07/22 23:00:00,A,PC_GDP,S13,GF05,TE,HR,2001,0.6,
ESTAT:GOV_10A_EXP(1.0),21/07/22 23:00:00,A,PC_GDP,S13,GF05,TE,HR,2002,0.7,
ESTAT:GOV_10A_EXP(1.0),21/07/22 23:00:00,A,PC_GDP,S13,GF05,TE,HR,2003,0.6,
ESTAT:GOV_10A_EXP(1.0),21/07/22 23:00:00,A,PC_GDP,S13,GF05,TE,HR,2004,0.6,
ESTAT:GOV_10A_EXP(1.0),21/07/22 23:00:00,A,PC_GDP,S13,GF05,TE,HR,2005,0.6,
ESTAT:GOV_10A_EXP(1.0),21/07/22 23:00:00,A,PC_GDP,S13,GF05,TE,HR,2006,0.6,
ESTAT:GOV_10A_EXP(1.0),21/07/22 23:00:00,A,PC_GDP,S13,GF05,TE,HR,2007,0.6,
ESTAT:GOV_10A_EXP(1.0),21/07/22 23:00:00,A,PC_GDP,S13,GF05,TE,HR,2008,0.6,
ESTAT:GOV_10A_EXP(1.0),21/07/22 23:00:00,A,PC_GDP,S13,GF05,TE,HR,2009,0.7,
ESTAT:GOV_10A_EXP(1.0),21/07/22 23:00:00,A,PC_GDP,S13,GF05,TE,HR,2010,0.6,
ESTAT:GOV_10A_EXP(1.0),21/07/22 23:00:00,A,PC_GDP,S13,GF05,TE,HR,2011,0.6,
ESTAT:GOV_10A_EXP(1.0),21/07/22 23:00:00,A,PC_GDP,S13,GF05,TE,HR,2012,0.6,
ESTAT:GOV_10A_EXP(1.0),21/07/22 23:00:00,A,PC_GDP,S13,GF05,TE,HR,2013,0.7,
ESTAT:GOV_10A_EXP(1.0),21/07/22 23:00:00,A,PC_GDP,S13,GF05,TE,HR,2014,0.6,
ESTAT:GOV_10A_EXP(1.0),21/07/22 23:00:00,A,PC_GDP,S13,GF05,TE,HR,2015,0.7,
ESTAT:GOV_10A_EXP(1.0),21/07/22 23:00:00,A,PC_GDP,S13,GF05,TE,HR,2016,0.7,
ESTAT:GOV_10A_EXP(1.0),21/07/22 23:00:00,A,PC_GDP,S13,GF05,TE,HR,2017,0.6,
ESTAT:GOV_10A_EXP(1.0),21/07/22 23:00:00,A,PC_GDP,S13,GF05,TE,HR,2018,0.7,
ESTAT:GOV_10A_EXP(1.0),21/07/22 23:00:00,A,PC_GDP,S13,GF05,TE,HR,2019,0.7,
ESTAT:GOV_10A_EXP(1.0),21/07/22 23:00:00,A,PC_GDP,S13,GF05,TE,HR,2020,0.8,
ESTAT:GOV_10A_EXP(1.0),21/07/22 23:00:00,A,PC_GDP,S13,GF05,TE,HU,1995,0.8,
ESTAT:GOV_10A_EXP(1.0),21/07/22 23:00:00,A,PC_GDP,S13,GF05,TE,HU,1996,0.4,
ESTAT:GOV_10A_EXP(1.0),21/07/22 23:00:00,A,PC_GDP,S13,GF05,TE,HU,1997,0.7,
ESTAT:GOV_10A_EXP(1.0),21/07/22 23:00:00,A,PC_GDP,S13,GF05,TE,HU,1998,0.8,
ESTAT:GOV_10A_EXP(1.0),21/07/22 23:00:00,A,PC_GDP,S13,GF05,TE,HU,1999,0.7,
ESTAT:GOV_10A_EXP(1.0),21/07/22 23:00:00,A,PC_GDP,S13,GF05,TE,HU,2000,0.6,
ESTAT:GOV_10A_EXP(1.0),21/07/22 23:00:00,A,PC_GDP,S13,GF05,TE,HU,2001,0.7,
ESTAT:GOV_10A_EXP(1.0),21/07/22 23:00:00,A,PC_GDP,S13,GF05,TE,HU,2002,0.9,
ESTAT:GOV_10A_EXP(1.0),21/07/22 23:00:00,A,PC_GDP,S13,GF05,TE,HU,2003,0.6,
ESTAT:GOV_10A_EXP(1.0),21/07/22 23:00:00,A,PC_GDP,S13,GF05,TE,HU,2004,0.6,
ESTAT:GOV_10A_EXP(1.0),21/07/22 23:00:00,A,PC_GDP,S13,GF05,TE,HU,2005,0.6,
ESTAT:GOV_10A_EXP(1.0),21/07/22 23:00:00,A,PC_GDP,S13,GF05,TE,HU,2006,0.7,
ESTAT:GOV_10A_EXP(1.0),21/07/22 23:00:00,A,PC_GDP,S13,GF05,TE,HU,2007,0.6,
ESTAT:GOV_10A_EXP(1.0),21/07/22 23:00:00,A,PC_GDP,S13,GF05,TE,HU,2008,0.6,
ESTAT:GOV_10A_EXP(1.0),21/07/22 23:00:00,A,PC_GDP,S13,GF05,TE,HU,2009,0.6,
ESTAT:GOV_10A_EXP(1.0),21/07/22 23:00:00,A,PC_GDP,S13,GF05,TE,HU,2010,0.6,
ESTAT:GOV_10A_EXP(1.0),21/07/22 23:00:00,A,PC_GDP,S13,GF05,TE,HU,2011,0.7,
ESTAT:GOV_10A_EXP(1.0),21/07/22 23:00:00,A,PC_GDP,S13,GF05,TE,HU,2012,0.7,
ESTAT:GOV_10A_EXP(1.0),21/07/22 23:00:00,A,PC_GDP,S13,GF05,TE,HU,2013,0.9,
ESTAT:GOV_10A_EXP(1.0),21/07/22 23:00:00,A,PC_GDP,S13,GF05,TE,HU,2014,1.2,
ESTAT:GOV_10A_EXP(1.0),21/07/22 23:00:00,A,PC_GDP,S13,GF05,TE,HU,2015,1.2,
ESTAT:GOV_10A_EXP(1.0),21/07/22 23:00:00,A,PC_GDP,S13,GF05,TE,HU,2016,0.5,
ESTAT:GOV_10A_EXP(1.0),21/07/22 23:00:00,A,PC_GDP,S13,GF05,TE,HU,2017,0.7,
ESTAT:GOV_10A_EXP(1.0),21/07/22 23:00:00,A,PC_GDP,S13,GF05,TE,HU,2018,0.6,
ESTAT:GOV_10A_EXP(1.0),21/07/22 23:00:00,A,PC_GDP,S13,GF05,TE,HU,2019,0.5,
ESTAT:GOV_10A_EXP(1.0),21/07/22 23:00:00,A,PC_GDP,S13,GF05,TE,HU,2020,0.8,
ESTAT:GOV_10A_EXP(1.0),21/07/22 23:00:00,A,PC_GDP,S13,GF05,TE,IE,1995,0.5,
ESTAT:GOV_10A_EXP(1.0),21/07/22 23:00:00,A,PC_GDP,S13,GF05,TE,IE,1996,0.5,
ESTAT:GOV_10A_EXP(1.0),21/07/22 23:00:00,A,PC_GDP,S13,GF05,TE,IE,1997,0.6,
ESTAT:GOV_10A_EXP(1.0),21/07/22 23:00:00,A,PC_GDP,S13,GF05,TE,IE,1998,0.6,
ESTAT:GOV_10A_EXP(1.0),21/07/22 23:00:00,A,PC_GDP,S13,GF05,TE,IE,1999,0.6,
ESTAT:GOV_10A_EXP(1.0),21/07/22 23:00:00,A,PC_GDP,S13,GF05,TE,IE,2000,0.7,
ESTAT:GOV_10A_EXP(1.0),21/07/22 23:00:00,A,PC_GDP,S13,GF05,TE,IE,2001,0.8,
ESTAT:GOV_10A_EXP(1.0),21/07/22 23:00:00,A,PC_GDP,S13,GF05,TE,IE,2002,0.8,
ESTAT:GOV_10A_EXP(1.0),21/07/22 23:00:00,A,PC_GDP,S13,GF05,TE,IE,2003,0.8,
ESTAT:GOV_10A_EXP(1.0),21/07/22 23:00:00,A,PC_GDP,S13,GF05,TE,IE,2004,0.9,
ESTAT:GOV_10A_EXP(1.0),21/07/22 23:00:00,A,PC_GDP,S13,GF05,TE,IE,2005,0.9,
ESTAT:GOV_10A_EXP(1.0),21/07/22 23:00:00,A,PC_GDP,S13,GF05,TE,IE,2006,0.9,
ESTAT:GOV_10A_EXP(1.0),21/07/22 23:00:00,A,PC_GDP,S13,GF05,TE,IE,2007,1.0,
ESTAT:GOV_10A_EXP(1.0),21/07/22 23:00:00,A,PC_GDP,S13,GF05,TE,IE,2008,1.1,
ESTAT:GOV_10A_EXP(1.0),21/07/22 23:00:00,A,PC_GDP,S13,GF05,TE,IE,2009,1.1,
ESTAT:GOV_10A_EXP(1.0),21/07/22 23:00:00,A,PC_GDP,S13,GF05,TE,IE,2010,1.0,
ESTAT:GOV_10A_EXP(1.0),21/07/22 23:00:00,A,PC_GDP,S13,GF05,TE,IE,2011,0.8,
ESTAT:GOV_10A_EXP(1.0),21/07/22 23:00:00,A,PC_GDP,S13,GF05,TE,IE,2012,0.7,
ESTAT:GOV_10A_EXP(1.0),21/07/22 23:00:00,A,PC_GDP,S13,GF05,TE,IE,2013,0.6,
ESTAT:GOV_10A_EXP(1.0),21/07/22 23:00:00,A,PC_GDP,S13,GF05,TE,IE,2014,0.6,
ESTAT:GOV_10A_EXP(1.0),21/07/22 23:00:00,A,PC_GDP,S13,GF05,TE,IE,2015,0.5,
ESTAT:GOV_10A_EXP(1.0),21/07/22 23:00:00,A,PC_GDP,S13,GF05,TE,IE,2016,0.5,
ESTAT:GOV_10A_EXP(1.0),21/07/22 23:00:00,A,PC_GDP,S13,GF05,TE,IE,2017,0.4,
ESTAT:GOV_10A_EXP(1.0),21/07/22 23:00:00,A,PC_GDP,S13,GF05,TE,IE,2018,0.4,
ESTAT:GOV_10A_EXP(1.0),21/07/22 23:00:00,A,PC_GDP,S13,GF05,TE,IE,2019,0.4,
ESTAT:GOV_10A_EXP(1.0),21/07/22 23:00:00,A,PC_GDP,S13,GF05,TE,IE,2020,0.4,
ESTAT:GOV_10A_EXP(1.0),21/07/22 23:00:00,A,PC_GDP,S13,GF05,TE,IS,1998,0.7,
ESTAT:GOV_10A_EXP(1.0),21/07/22 23:00:00,A,PC_GDP,S13,GF05,TE,IS,1999,0.7,
ESTAT:GOV_10A_EXP(1.0),21/07/22 23:00:00,A,PC_GDP,S13,GF05,TE,IS,2000,0.7,
ESTAT:GOV_10A_EXP(1.0),21/07/22 23:00:00,A,PC_GDP,S13,GF05,TE,IS,2001,0.7,
ESTAT:GOV_10A_EXP(1.0),21/07/22 23:00:00,A,PC_GDP,S13,GF05,TE,IS,2002,0.7,
ESTAT:GOV_10A_EXP(1.0),21/07/22 23:00:00,A,PC_GDP,S13,GF05,TE,IS,2003,0.7,
ESTAT:GOV_10A_EXP(1.0),21/07/22 23:00:00,A,PC_GDP,S13,GF05,TE,IS,2004,0.7,
ESTAT:GOV_10A_EXP(1.0),21/07/22 23:00:00,A,PC_GDP,S13,GF05,TE,IS,2005,0.7,
ESTAT:GOV_10A_EXP(1.0),21/07/22 23:00:00,A,PC_GDP,S13,GF05,TE,IS,2006,0.6,
ESTAT:GOV_10A_EXP(1.0),21/07/22 23:00:00,A,PC_GDP,S13,GF05,TE,IS,2007,0.6,
ESTAT:GOV_10A_EXP(1.0),21/07/22 23:00:00,A,PC_GDP,S13,GF05,TE,IS,2008,0.6,
ESTAT:GOV_10A_EXP(1.0),21/07/22 23:00:00,A,PC_GDP,S13,GF05,TE,IS,2009,0.6,
ESTAT:GOV_10A_EXP(1.0),21/07/22 23:00:00,A,PC_GDP,S13,GF05,TE,IS,2010,0.6,
ESTAT:GOV_10A_EXP(1.0),21/07/22 23:00:00,A,PC_GDP,S13,GF05,TE,IS,2011,0.6,
ESTAT:GOV_10A_EXP(1.0),21/07/22 23:00:00,A,PC_GDP,S13,GF05,TE,IS,2012,0.6,
ESTAT:GOV_10A_EXP(1.0),21/07/22 23:00:00,A,PC_GDP,S13,GF05,TE,IS,2013,0.5,
ESTAT:GOV_10A_EXP(1.0),21/07/22 23:00:00,A,PC_GDP,S13,GF05,TE,IS,2014,0.6,
ESTAT:GOV_10A_EXP(1.0),21/07/22 23:00:00,A,PC_GDP,S13,GF05,TE,IS,2015,0.6,
ESTAT:GOV_10A_EXP(1.0),21/07/22 23:00:00,A,PC_GDP,S13,GF05,TE,IS,2016,0.6,
ESTAT:GOV_10A_EXP(1.0),21/07/22 23:00:00,A,PC_GDP,S13,GF05,TE,IS,2017,0.6,
ESTAT:GOV_10A_EXP(1.0),21/07/22 23:00:00,A,PC_GDP,S13,GF05,TE,IS,2018,0.7,
ESTAT:GOV_10A_EXP(1.0),21/07/22 23:00:00,A,PC_GDP,S13,GF05,TE,IS,2019,0.6,
ESTAT:GOV_10A_EXP(1.0),21/07/22 23:00:00,A,PC_GDP,S13,GF05,TE,IS,2020,0.8,
ESTAT:GOV_10A_EXP(1.0),21/07/22 23:00:00,A,PC_GDP,S13,GF05,TE,IT,1995,0.6,
ESTAT:GOV_10A_EXP(1.0),21/07/22 23:00:00,A,PC_GDP,S13,GF05,TE,IT,1996,0.6,
ESTAT:GOV_10A_EXP(1.0),21/07/22 23:00:00,A,PC_GDP,S13,GF05,TE,IT,1997,0.7,
ESTAT:GOV_10A_EXP(1.0),21/07/22 23:00:00,A,PC_GDP,S13,GF05,TE,IT,1998,0.7,
ESTAT:GOV_10A_EXP(1.0),21/07/22 23:00:00,A,PC_GDP,S13,GF05,TE,IT,1999,0.7,
ESTAT:GOV_10A_EXP(1.0),21/07/22 23:00:00,A,PC_GDP,S13,GF05,TE,IT,2000,0.8,
ESTAT:GOV_10A_EXP(1.0),21/07/22 23:00:00,A,PC_GDP,S13,GF05,TE,IT,2001,0.7,
ESTAT:GOV_10A_EXP(1.0),21/07/22 23:00:00,A,PC_GDP,S13,GF05,TE,IT,2002,0.8,
ESTAT:GOV_10A_EXP(1.0),21/07/22 23:00:00,A,PC_GDP,S13,GF05,TE,IT,2003,0.8,
ESTAT:GOV_10A_EXP(1.0),21/07/22 23:00:00,A,PC_GDP,S13,GF05,TE,IT,2004,0.8,
ESTAT:GOV_10A_EXP(1.0),21/07/22 23:00:00,A,PC_GDP,S13,GF05,TE,IT,2005,0.8,
ESTAT:GOV_10A_EXP(1.0),21/07/22 23:00:00,A,PC_GDP,S13,GF05,TE,IT,2006,0.7,
ESTAT:GOV_10A_EXP(1.0),21/07/22 23:00:00,A,PC_GDP,S13,GF05,TE,IT,2007,0.7,
ESTAT:GOV_10A_EXP(1.0),21/07/22 23:00:00,A,PC_GDP,S13,GF05,TE,IT,2008,0.8,
ESTAT:GOV_10A_EXP(1.0),21/07/22 23:00:00,A,PC_GDP,S13,GF05,TE,IT,2009,0.8,
ESTAT:GOV_10A_EXP(1.0),21/07/22 23:00:00,A,PC_GDP,S13,GF05,TE,IT,2010,0.8,
ESTAT:GOV_10A_EXP(1.0),21/07/22 23:00:00,A,PC_GDP,S13,GF05,TE,IT,2011,0.9,
ESTAT:GOV_10A_EXP(1.0),21/07/22 23:00:00,A,PC_GDP,S13,GF05,TE,IT,2012,0.9,
ESTAT:GOV_10A_EXP(1.0),21/07/22 23:00:00,A,PC_GDP,S13,GF05,TE,IT,2013,0.9,
ESTAT:GOV_10A_EXP(1.0),21/07/22 23:00:00,A,PC_GDP,S13,GF05,TE,IT,2014,0.9,
ESTAT:GOV_10A_EXP(1.0),21/07/22 23:00:00,A,PC_GDP,S13,GF05,TE,IT,2015,0.9,
ESTAT:GOV_10A_EXP(1.0),21/07/22 23:00:00,A,PC_GDP,S13,GF05,TE,IT,2016,0.9,
ESTAT:GOV_10A_EXP(1.0),21/07/22 23:00:00,A,PC_GDP,S13,GF05,TE,IT,2017,0.9,
ESTAT:GOV_10A_EXP(1.0),21/07/22 23:00:00,A,PC_GDP,S13,GF05,TE,IT,2018,0.9,
ESTAT:GOV_10A_EXP(1.0),21/07/22 23:00:00,A,PC_GDP,S13,GF05,TE,IT,2019,0.9,
ESTAT:GOV_10A_EXP(1.0),21/07/22 23:00:00,A,PC_GDP,S13,GF05,TE,IT,2020,1.0,
ESTAT:GOV_10A_EXP(1.0),21/07/22 23:00:00,A,PC_GDP,S13,GF05,TE,LT,1995,0.1,
ESTAT:GOV_10A_EXP(1.0),21/07/22 23:00:00,A,PC_GDP,S13,GF05,TE,LT,1996,0.1,
ESTAT:GOV_10A_EXP(1.0),21/07/22 23:00:00,A,PC_GDP,S13,GF05,TE,LT,1997,0.1,
ESTAT:GOV_10A_EXP(1.0),21/07/22 23:00:00,A,PC_GDP,S13,GF05,TE,LT,1998,0.2,
ESTAT:GOV_10A_EXP(1.0),21/07/22 23:00:00,A,PC_GDP,S13,GF05,TE,LT,1999,0.1,
ESTAT:GOV_10A_EXP(1.0),21/07/22 23:00:00,A,PC_GDP,S13,GF05,TE,LT,2000,0.1,
ESTAT:GOV_10A_EXP(1.0),21/07/22 23:00:00,A,PC_GDP,S13,GF05,TE,LT,2001,0.1,
ESTAT:GOV_10A_EXP(1.0),21/07/22 23:00:00,A,PC_GDP,S13,GF05,TE,LT,2002,0.1,
ESTAT:GOV_10A_EXP(1.0),21/07/22 23:00:00,A,PC_GDP,S13,GF05,TE,LT,2003,0.1,
ESTAT:GOV_10A_EXP(1.0),21/07/22 23:00:00,A,PC_GDP,S13,GF05,TE,LT,2004,0.4,
ESTAT:GOV_10A_EXP(1.0),21/07/22 23:00:00,A,PC_GDP,S13,GF05,TE,LT,2005,0.6,
ESTAT:GOV_10A_EXP(1.0),21/07/22 23:00:00,A,PC_GDP,S13,GF05,TE,LT,2006,0.8,
ESTAT:GOV_10A_EXP(1.0),21/07/22 23:00:00,A,PC_GDP,S13,GF05,TE,LT,2007,0.9,
ESTAT:GOV_10A_EXP(1.0),21/07/22 23:00:00,A,PC_GDP,S13,GF05,TE,LT,2008,0.8,
ESTAT:GOV_10A_EXP(1.0),21/07/22 23:00:00,A,PC_GDP,S13,GF05,TE,LT,2009,1.2,
ESTAT:GOV_10A_EXP(1.0),21/07/22 23:00:00,A,PC_GDP,S13,GF05,TE,LT,2010,1.3,
ESTAT:GOV_10A_EXP(1.0),21/07/22 23:00:00,A,PC_GDP,S13,GF05,TE,LT,2011,0.8,
ESTAT:GOV_10A_EXP(1.0),21/07/22 23:00:00,A,PC_GDP,S13,GF05,TE,LT,2012,0.9,
ESTAT:GOV_10A_EXP(1.0),21/07/22 23:00:00,A,PC_GDP,S13,GF05,TE,LT,2013,0.5,
ESTAT:GOV_10A_EXP(1.0),21/07/22 23:00:00,A,PC_GDP,S13,GF05,TE,LT,2014,0.6,
ESTAT:GOV_10A_EXP(1.0),21/07/22 23:00:00,A,PC_GDP,S13,GF05,TE,LT,2015,0.6,
ESTAT:GOV_10A_EXP(1.0),21/07/22 23:00:00,A,PC_GDP,S13,GF05,TE,LT,2016,0.5,
ESTAT:GOV_10A_EXP(1.0),21/07/22 23:00:00,A,PC_GDP,S13,GF05,TE,LT,2017,0.5,
ESTAT:GOV_10A_EXP(1.0),21/07/22 23:00:00,A,PC_GDP,S13,GF05,TE,LT,2018,0.5,
ESTAT:GOV_10A_EXP(1.0),21/07/22 23:00:00,A,PC_GDP,S13,GF05,TE,LT,2019,0.5,
ESTAT:GOV_10A_EXP(1.0),21/07/22 23:00:00,A,PC_GDP,S13,GF05,TE,LT,2020,0.5,
ESTAT:GOV_10A_EXP(1.0),21/07/22 23:00:00,A,PC_GDP,S13,GF05,TE,LU,1995,1.0,
ESTAT:GOV_10A_EXP(1.0),21/07/22 23:00:00,A,PC_GDP,S13,GF05,TE,LU,1996,1.0,
ESTAT:GOV_10A_EXP(1.0),21/07/22 23:00:00,A,PC_GDP,S13,GF05,TE,LU,1997,0.9,
ESTAT:GOV_10A_EXP(1.0),21/07/22 23:00:00,A,PC_GDP,S13,GF05,TE,LU,1998,0.9,
ESTAT:GOV_10A_EXP(1.0),21/07/22 23:00:00,A,PC_GDP,S13,GF05,TE,LU,1999,0.9,
ESTAT:GOV_10A_EXP(1.0),21/07/22 23:00:00,A,PC_GDP,S13,GF05,TE,LU,2000,0.8,
ESTAT:GOV_10A_EXP(1.0),21/07/22 23:00:00,A,PC_GDP,S13,GF05,TE,LU,2001,0.9,
ESTAT:GOV_10A_EXP(1.0),21/07/22 23:00:00,A,PC_GDP,S13,GF05,TE,LU,2002,0.8,
ESTAT:GOV_10A_EXP(1.0),21/07/22 23:00:00,A,PC_GDP,S13,GF05,TE,LU,2003,0.8,
ESTAT:GOV_10A_EXP(1.0),21/07/22 23:00:00,A,PC_GDP,S13,GF05,TE,LU,2004,0.7,
ESTAT:GOV_10A_EXP(1.0),21/07/22 23:00:00,A,PC_GDP,S13,GF05,TE,LU,2005,0.8,
ESTAT:GOV_10A_EXP(1.0),21/07/22 23:00:00,A,PC_GDP,S13,GF05,TE,LU,2006,0.7,
ESTAT:GOV_10A_EXP(1.0),21/07/22 23:00:00,A,PC_GDP,S13,GF05,TE,LU,2007,0.7,
ESTAT:GOV_10A_EXP(1.0),21/07/22 23:00:00,A,PC_GDP,S13,GF05,TE,LU,2008,0.7,
ESTAT:GOV_10A_EXP(1.0),21/07/22 23:00:00,A,PC_GDP,S13,GF05,TE,LU,2009,0.9,
ESTAT:GOV_10A_EXP(1.0),21/07/22 23:00:00,A,PC_GDP,S13,GF05,TE,LU,2010,0.8,
ESTAT:GOV_10A_EXP(1.0),21/07/22 23:00:00,A,PC_GDP,S13,GF05,TE,LU,2011,0.8,
ESTAT:GOV_10A_EXP(1.0),21/07/22 23:00:00,A,PC_GDP,S13,GF05,TE,LU,2012,0.8,
ESTAT:GOV_10A_EXP(1.0),21/07/22 23:00:00,A,PC_GDP,S13,GF05,TE,LU,2013,0.8,
ESTAT:GOV_10A_EXP(1.0),21/07/22 23:00:00,A,PC_GDP,S13,GF05,TE,LU,2014,0.8,
ESTAT:GOV_10A_EXP(1.0),21/07/22 23:00:00,A,PC_GDP,S13,GF05,TE,LU,2015,0.8,
ESTAT:GOV_10A_EXP(1.0),21/07/22 23:00:00,A,PC_GDP,S13,GF05,TE,LU,2016,0.7,
ESTAT:GOV_10A_EXP(1.0),21/07/22 23:00:00,A,PC_GDP,S13,GF05,TE,LU,2017,0.8,
ESTAT:GOV_10A_EXP(1.0),21/07/22 23:00:00,A,PC_GDP,S13,GF05,TE,LU,2018,0.9,
ESTAT:GOV_10A_EXP(1.0),21/07/22 23:00:00,A,PC_GDP,S13,GF05,TE,LU,2019,0.9,
ESTAT:GOV_10A_EXP(1.0),21/07/22 23:00:00,A,PC_GDP,S13,GF05,TE,LU,2020,1.1,
ESTAT:GOV_10A_EXP(1.0),21/07/22 23:00:00,A,PC_GDP,S13,GF05,TE,LV,1995,0.3,
ESTAT:GOV_10A_EXP(1.0),21/07/22 23:00:00,A,PC_GDP,S13,GF05,TE,LV,1996,0.3,
ESTAT:GOV_10A_EXP(1.0),21/07/22 23:00:00,A,PC_GDP,S13,GF05,TE,LV,1997,0.2,
ESTAT:GOV_10A_EXP(1.0),21/07/22 23:00:00,A,PC_GDP,S13,GF05,TE,LV,1998,0.3,
ESTAT:GOV_10A_EXP(1.0),21/07/22 23:00:00,A,PC_GDP,S13,GF05,TE,LV,1999,0.3,
ESTAT:GOV_10A_EXP(1.0),21/07/22 23:00:00,A,PC_GDP,S13,GF05,TE,LV,2000,0.3,
ESTAT:GOV_10A_EXP(1.0),21/07/22 23:00:00,A,PC_GDP,S13,GF05,TE,LV,2001,0.3,
ESTAT:GOV_10A_EXP(1.0),21/07/22 23:00:00,A,PC_GDP,S13,GF05,TE,LV,2002,0.3,
ESTAT:GOV_10A_EXP(1.0),21/07/22 23:00:00,A,PC_GDP,S13,GF05,TE,LV,2003,0.3,
ESTAT:GOV_10A_EXP(1.0),21/07/22 23:00:00,A,PC_GDP,S13,GF05,TE,LV,2004,0.5,
ESTAT:GOV_10A_EXP(1.0),21/07/22 23:00:00,A,PC_GDP,S13,GF05,TE,LV,2005,0.7,
ESTAT:GOV_10A_EXP(1.0),21/07/22 23:00:00,A,PC_GDP,S13,GF05,TE,LV,2006,0.6,
ESTAT:GOV_10A_EXP(1.0),21/07/22 23:00:00,A,PC_GDP,S13,GF05,TE,LV,2007,0.9,
ESTAT:GOV_10A_EXP(1.0),21/07/22 23:00:00,A,PC_GDP,S13,GF05,TE,LV,2008,0.8,
ESTAT:GOV_10A_EXP(1.0),21/07/22 23:00:00,A,PC_GDP,S13,GF05,TE,LV,2009,0.1,
ESTAT:GOV_10A_EXP(1.0),21/07/22 23:00:00,A,PC_GDP,S13,GF05,TE,LV,2010,0.3,
ESTAT:GOV_10A_EXP(1.0),21/07/22 23:00:00,A,PC_GDP,S13,GF05,TE,LV,2011,0.7,
ESTAT:GOV_10A_EXP(1.0),21/07/22 23:00:00,A,PC_GDP,S13,GF05,TE,LV,2012,0.7,
ESTAT:GOV_10A_EXP(1.0),21/07/22 23:00:00,A,PC_GDP,S13,GF05,TE,LV,2013,0.7,
ESTAT:GOV_10A_EXP(1.0),21/07/22 23:00:00,A,PC_GDP,S13,GF05,TE,LV,2014,0.7,
ESTAT:GOV_10A_EXP(1.0),21/07/22 23:00:00,A,PC_GDP,S13,GF05,TE,LV,2015,0.7,
ESTAT:GOV_10A_EXP(1.0),21/07/22 23:00:00,A,PC_GDP,S13,GF05,TE,LV,2016,0.5,
ESTAT:GOV_10A_EXP(1.0),21/07/22 23:00:00,A,PC_GDP,S13,GF05,TE,LV,2017,0.5,
ESTAT:GOV_10A_EXP(1.0),21/07/22 23:00:00,A,PC_GDP,S13,GF05,TE,LV,2018,0.6,
ESTAT:GOV_10A_EXP(1.0),21/07/22 23:00:00,A,PC_GDP,S13,GF05,TE,LV,2019,0.6,
ESTAT:GOV_10A_EXP(1.0),21/07/22 23:00:00,A,PC_GDP,S13,GF05,TE,LV,2020,0.6,
ESTAT:GOV_10A_EXP(1.0),21/07/22 23:00:00,A,PC_GDP,S13,GF05,TE,MT,1995,1.2,
ESTAT:GOV_10A_EXP(1.0),21/07/22 23:00:00,A,PC_GDP,S13,GF05,TE,MT,1996,1.3,
ESTAT:GOV_10A_EXP(1.0),21/07/22 23:00:00,A,PC_GDP,S13,GF05,TE,MT,1997,1.0,
ESTAT:GOV_10A_EXP(1.0),21/07/22 23:00:00,A,PC_GDP,S13,GF05,TE,MT,1998,1.0,
ESTAT:GOV_10A_EXP(1.0),21/07/22 23:00:00,A,PC_GDP,S13,GF05,TE,MT,1999,0.9,
ESTAT:GOV_10A_EXP(1.0),21/07/22 23:00:00,A,PC_GDP,S13,GF05,TE,MT,2000,0.7,
ESTAT:GOV_10A_EXP(1.0),21/07/22 23:00:00,A,PC_GDP,S13,GF05,TE,MT,2001,1.0,
ESTAT:GOV_10A_EXP(1.0),21/07/22 23:00:00,A,PC_GDP,S13,GF05,TE,MT,2002,0.9,
ESTAT:GOV_10A_EXP(1.0),21/07/22 23:00:00,A,PC_GDP,S13,GF05,TE,MT,2003,1.3,
ESTAT:GOV_10A_EXP(1.0),21/07/22 23:00:00,A,PC_GDP,S13,GF05,TE,MT,2004,1.3,
ESTAT:GOV_10A_EXP(1.0),21/07/22 23:00:00,A,PC_GDP,S13,GF05,TE,MT,2005,1.4,
ESTAT:GOV_10A_EXP(1.0),21/07/22 23:00:00,A,PC_GDP,S13,GF05,TE,MT,2006,1.5,
ESTAT:GOV_10A_EXP(1.0),21/07/22 23:00:00,A,PC_GDP,S13,GF05,TE,MT,2007,1.6,
ESTAT:GOV_10A_EXP(1.0),21/07/22 23:00:00,A,PC_GDP,S13,GF05,TE,MT,2008,1.5,
ESTAT:GOV_10A_EXP(1.0),21/07/22 23:00:00,A,PC_GDP,S13,GF05,TE,MT,2009,1.5,
ESTAT:GOV_10A_EXP(1.0),21/07/22 23:00:00,A,PC_GDP,S13,GF05,TE,MT,2010,1.9,
ESTAT:GOV_10A_EXP(1.0),21/07/22 23:00:00,A,PC_GDP,S13,GF05,TE,MT,2011,1.3,
ESTAT:GOV_10A_EXP(1.0),21/07/22 23:00:00,A,PC_GDP,S13,GF05,TE,MT,2012,1.4,
ESTAT:GOV_10A_EXP(1.0),21/07/22 23:00:00,A,PC_GDP,S13,GF05,TE,MT,2013,1.4,
ESTAT:GOV_10A_EXP(1.0),21/07/22 23:00:00,A,PC_GDP,S13,GF05,TE,MT,2014,1.5,
ESTAT:GOV_10A_EXP(1.0),21/07/22 23:00:00,A,PC_GDP,S13,GF05,TE,MT,2015,1.8,
ESTAT:GOV_10A_EXP(1.0),21/07/22 23:00:00,A,PC_GDP,S13,GF05,TE,MT,2016,1.0,
ESTAT:GOV_10A_EXP(1.0),21/07/22 23:00:00,A,PC_GDP,S13,GF05,TE,MT,2017,0.9,
ESTAT:GOV_10A_EXP(1.0),21/07/22 23:00:00,A,PC_GDP,S13,GF05,TE,MT,2018,1.3,
ESTAT:GOV_10A_EXP(1.0),21/07/22 23:00:00,A,PC_GDP,S13,GF05,TE,MT,2019,1.4,
ESTAT:GOV_10A_EXP(1.0),21/07/22 23:00:00,A,PC_GDP,S13,GF05,TE,MT,2020,1.5,
ESTAT:GOV_10A_EXP(1.0),21/07/22 23:00:00,A,PC_GDP,S13,GF05,TE,NL,1995,1.6,
ESTAT:GOV_10A_EXP(1.0),21/07/22 23:00:00,A,PC_GDP,S13,GF05,TE,NL,1996,1.6,
ESTAT:GOV_10A_EXP(1.0),21/07/22 23:00:00,A,PC_GDP,S13,GF05,TE,NL,1997,1.6,
ESTAT:GOV_10A_EXP(1.0),21/07/22 23:00:00,A,PC_GDP,S13,GF05,TE,NL,1998,1.5,
ESTAT:GOV_10A_EXP(1.0),21/07/22 23:00:00,A,PC_GDP,S13,GF05,TE,NL,1999,1.5,
ESTAT:GOV_10A_EXP(1.0),21/07/22 23:00:00,A,PC_GDP,S13,GF05,TE,NL,2000,1.5,
ESTAT:GOV_10A_EXP(1.0),21/07/22 23:00:00,A,PC_GDP,S13,GF05,TE,NL,2001,1.5,
ESTAT:GOV_10A_EXP(1.0),21/07/22 23:00:00,A,PC_GDP,S13,GF05,TE,NL,2002,1.6,
ESTAT:GOV_10A_EXP(1.0),21/07/22 23:00:00,A,PC_GDP,S13,GF05,TE,NL,2003,1.6,
ESTAT:GOV_10A_EXP(1.0),21/07/22 23:00:00,A,PC_GDP,S13,GF05,TE,NL,2004,1.6,
ESTAT:GOV_10A_EXP(1.0),21/07/22 23:00:00,A,PC_GDP,S13,GF05,TE,NL,2005,1.6,
ESTAT:GOV_10A_EXP(1.0),21/07/22 23:00:00,A,PC_GDP,S13,GF05,TE,NL,2006,1.6,
ESTAT:GOV_10A_EXP(1.0),21/07/22 23:00:00,A,PC_GDP,S13,GF05,TE,NL,2007,1.6,
ESTAT:GOV_10A_EXP(1.0),21/07/22 23:00:00,A,PC_GDP,S13,GF05,TE,NL,2008,1.6,
ESTAT:GOV_10A_EXP(1.0),21/07/22 23:00:00,A,PC_GDP,S13,GF05,TE,NL,2009,1.7,
ESTAT:GOV_10A_EXP(1.0),21/07/22 23:00:00,A,PC_GDP,S13,GF05,TE,NL,2010,1.6,
ESTAT:GOV_10A_EXP(1.0),21/07/22 23:00:00,A,PC_GDP,S13,GF05,TE,NL,2011,1.6,
ESTAT:GOV_10A_EXP(1.0),21/07/22 23:00:00,A,PC_GDP,S13,GF05,TE,NL,2012,1.5,
ESTAT:GOV_10A_EXP(1.0),21/07/22 23:00:00,A,PC_GDP,S13,GF05,TE,NL,2013,1.5,
ESTAT:GOV_10A_EXP(1.0),21/07/22 23:00:00,A,PC_GDP,S13,GF05,TE,NL,2014,1.4,
ESTAT:GOV_10A_EXP(1.0),21/07/22 23:00:00,A,PC_GDP,S13,GF05,TE,NL,2015,1.4,
ESTAT:GOV_10A_EXP(1.0),21/07/22 23:00:00,A,PC_GDP,S13,GF05,TE,NL,2016,1.4,
ESTAT:GOV_10A_EXP(1.0),21/07/22 23:00:00,A,PC_GDP,S13,GF05,TE,NL,2017,1.4,
ESTAT:GOV_10A_EXP(1.0),21/07/22 23:00:00,A,PC_GDP,S13,GF05,TE,NL,2018,1.4,
ESTAT:GOV_10A_EXP(1.0),21/07/22 23:00:00,A,PC_GDP,S13,GF05,TE,NL,2019,1.4,
ESTAT:GOV_10A_EXP(1.0),21/07/22 23:00:00,A,PC_GDP,S13,GF05,TE,NL,2020,1.5,
ESTAT:GOV_10A_EXP(1.0),21/07/22 23:00:00,A,PC_GDP,S13,GF05,TE,NO,1995,1.0,
ESTAT:GOV_10A_EXP(1.0),21/07/22 23:00:00,A,PC_GDP,S13,GF05,TE,NO,1996,1.0,
ESTAT:GOV_10A_EXP(1.0),21/07/22 23:00:00,A,PC_GDP,S13,GF05,TE,NO,1997,0.9,
ESTAT:GOV_10A_EXP(1.0),21/07/22 23:00:00,A,PC_GDP,S13,GF05,TE,NO,1998,0.9,
ESTAT:GOV_10A_EXP(1.0),21/07/22 23:00:00,A,PC_GDP,S13,GF05,TE,NO,1999,0.9,
ESTAT:GOV_10A_EXP(1.0),21/07/22 23:00:00,A,PC_GDP,S13,GF05,TE,NO,2000,0.7,
ESTAT:GOV_10A_EXP(1.0),21/07/22 23:00:00,A,PC_GDP,S13,GF05,TE,NO,2001,0.5,
ESTAT:GOV_10A_EXP(1.0),21/07/22 23:00:00,A,PC_GDP,S13,GF05,TE,NO,2002,0.5,
ESTAT:GOV_10A_EXP(1.0),21/07/22 23:00:00,A,PC_GDP,S13,GF05,TE,NO,2003,0.6,
ESTAT:GOV_10A_EXP(1.0),21/07/22 23:00:00,A,PC_GDP,S13,GF05,TE,NO,2004,0.6,
ESTAT:GOV_10A_EXP(1.0),21/07/22 23:00:00,A,PC_GDP,S13,GF05,TE,NO,2005,0.6,
ESTAT:GOV_10A_EXP(1.0),21/07/22 23:00:00,A,PC_GDP,S13,GF05,TE,NO,2006,0.5,
ESTAT:GOV_10A_EXP(1.0),21/07/22 23:00:00,A,PC_GDP,S13,GF05,TE,NO,2007,0.6,
ESTAT:GOV_10A_EXP(1.0),21/07/22 23:00:00,A,PC_GDP,S13,GF05,TE,NO,2008,0.6,
ESTAT:GOV_10A_EXP(1.0),21/07/22 23:00:00,A,PC_GDP,S13,GF05,TE,NO,2009,0.8,
ESTAT:GOV_10A_EXP(1.0),21/07/22 23:00:00,A,PC_GDP,S13,GF05,TE,NO,2010,0.8,
ESTAT:GOV_10A_EXP(1.0),21/07/22 23:00:00,A,PC_GDP,S13,GF05,TE,NO,2011,0.8,
ESTAT:GOV_10A_EXP(1.0),21/07/22 23:00:00,A,PC_GDP,S13,GF05,TE,NO,2012,0.8,
ESTAT:GOV_10A_EXP(1.0),21/07/22 23:00:00,A,PC_GDP,S13,GF05,TE,NO,2013,0.8,
ESTAT:GOV_10A_EXP(1.0),21/07/22 23:00:00,A,PC_GDP,S13,GF05,TE,NO,2014,0.8,
ESTAT:GOV_10A_EXP(1.0),21/07/22 23:00:00,A,PC_GDP,S13,GF05,TE,NO,2015,0.9,
ESTAT:GOV_10A_EXP(1.0),21/07/22 23:00:00,A,PC_GDP,S13,GF05,TE,NO,2016,0.9,
ESTAT:GOV_10A_EXP(1.0),21/07/22 23:00:00,A,PC_GDP,S13,GF05,TE,NO,2017,0.9,
ESTAT:GOV_10A_EXP(1.0),21/07/22 23:00:00,A,PC_GDP,S13,GF05,TE,NO,2018,0.9,
ESTAT:GOV_10A_EXP(1.0),21/07/22 23:00:00,A,PC_GDP,S13,GF05,TE,NO,2019,0.9,
ESTAT:GOV_10A_EXP(1.0),21/07/22 23:00:00,A,PC_GDP,S13,GF05,TE,NO,2020,1.0,
ESTAT:GOV_10A_EXP(1.0),21/07/22 23:00:00,A,PC_GDP,S13,GF05,TE,PL,1995,0.6,
ESTAT:GOV_10A_EXP(1.0),21/07/22 23:00:00,A,PC_GDP,S13,GF05,TE,PL,1996,0.9,
ESTAT:GOV_10A_EXP(1.0),21/07/22 23:00:00,A,PC_GDP,S13,GF05,TE,PL,1997,0.5,
ESTAT:GOV_10A_EXP(1.0),21/07/22 23:00:00,A,PC_GDP,S13,GF05,TE,PL,1998,0.5,
ESTAT:GOV_10A_EXP(1.0),21/07/22 23:00:00,A,PC_GDP,S13,GF05,TE,PL,1999,0.6,
ESTAT:GOV_10A_EXP(1.0),21/07/22 23:00:00,A,PC_GDP,S13,GF05,TE,PL,2000,0.5,
ESTAT:GOV_10A_EXP(1.0),21/07/22 23:00:00,A,PC_GDP,S13,GF05,TE,PL,2001,0.6,
ESTAT:GOV_10A_EXP(1.0),21/07/22 23:00:00,A,PC_GDP,S13,GF05,TE,PL,2002,0.6,
ESTAT:GOV_10A_EXP(1.0),21/07/22 23:00:00,A,PC_GDP,S13,GF05,TE,PL,2003,0.6,
ESTAT:GOV_10A_EXP(1.0),21/07/22 23:00:00,A,PC_GDP,S13,GF05,TE,PL,2004,0.6,
ESTAT:GOV_10A_EXP(1.0),21/07/22 23:00:00,A,PC_GDP,S13,GF05,TE,PL,2005,0.6,
ESTAT:GOV_10A_EXP(1.0),21/07/22 23:00:00,A,PC_GDP,S13,GF05,TE,PL,2006,0.7,
ESTAT:GOV_10A_EXP(1.0),21/07/22 23:00:00,A,PC_GDP,S13,GF05,TE,PL,2007,0.6,
ESTAT:GOV_10A_EXP(1.0),21/07/22 23:00:00,A,PC_GDP,S13,GF05,TE,PL,2008,0.7,
ESTAT:GOV_10A_EXP(1.0),21/07/22 23:00:00,A,PC_GDP,S13,GF05,TE,PL,2009,0.7,
ESTAT:GOV_10A_EXP(1.0),21/07/22 23:00:00,A,PC_GDP,S13,GF05,TE,PL,2010,0.7,
ESTAT:GOV_10A_EXP(1.0),21/07/22 23:00:00,A,PC_GDP,S13,GF05,TE,PL,2011,0.7,
ESTAT:GOV_10A_EXP(1.0),21/07/22 23:00:00,A,PC_GDP,S13,GF05,TE,PL,2012,0.6,
ESTAT:GOV_10A_EXP(1.0),21/07/22 23:00:00,A,PC_GDP,S13,GF05,TE,PL,2013,0.6,
ESTAT:GOV_10A_EXP(1.0),21/07/22 23:00:00,A,PC_GDP,S13,GF05,TE,PL,2014,0.6,
ESTAT:GOV_10A_EXP(1.0),21/07/22 23:00:00,A,PC_GDP,S13,GF05,TE,PL,2015,0.6,
ESTAT:GOV_10A_EXP(1.0),21/07/22 23:00:00,A,PC_GDP,S13,GF05,TE,PL,2016,0.4,
ESTAT:GOV_10A_EXP(1.0),21/07/22 23:00:00,A,PC_GDP,S13,GF05,TE,PL,2017,0.4,
ESTAT:GOV_10A_EXP(1.0),21/07/22 23:00:00,A,PC_GDP,S13,GF05,TE,PL,2018,0.5,
ESTAT:GOV_10A_EXP(1.0),21/07/22 23:00:00,A,PC_GDP,S13,GF05,TE,PL,2019,0.5,
ESTAT:GOV_10A_EXP(1.0),21/07/22 23:00:00,A,PC_GDP,S13,GF05,TE,PL,2020,0.6,
ESTAT:GOV_10A_EXP(1.0),21/07/22 23:00:00,A,PC_GDP,S13,GF05,TE,PT,1995,0.5,
ESTAT:GOV_10A_EXP(1.0),21/07/22 23:00:00,A,PC_GDP,S13,GF05,TE,PT,1996,0.6,
ESTAT:GOV_10A_EXP(1.0),21/07/22 23:00:00,A,PC_GDP,S13,GF05,TE,PT,1997,0.6,
ESTAT:GOV_10A_EXP(1.0),21/07/22 23:00:00,A,PC_GDP,S13,GF05,TE,PT,1998,0.6,
ESTAT:GOV_10A_EXP(1.0),21/07/22 23:00:00,A,PC_GDP,S13,GF05,TE,PT,1999,0.7,
ESTAT:GOV_10A_EXP(1.0),21/07/22 23:00:00,A,PC_GDP,S13,GF05,TE,PT,2000,0.7,
ESTAT:GOV_10A_EXP(1.0),21/07/22 23:00:00,A,PC_GDP,S13,GF05,TE,PT,2001,0.7,
ESTAT:GOV_10A_EXP(1.0),21/07/22 23:00:00,A,PC_GDP,S13,GF05,TE,PT,2002,0.6,
ESTAT:GOV_10A_EXP(1.0),21/07/22 23:00:00,A,PC_GDP,S13,GF05,TE,PT,2003,0.6,
ESTAT:GOV_10A_EXP(1.0),21/07/22 23:00:00,A,PC_GDP,S13,GF05,TE,PT,2004,0.6,
ESTAT:GOV_10A_EXP(1.0),21/07/22 23:00:00,A,PC_GDP,S13,GF05,TE,PT,2005,0.6,
ESTAT:GOV_10A_EXP(1.0),21/07/22 23:00:00,A,PC_GDP,S13,GF05,TE,PT,2006,0.7,
ESTAT:GOV_10A_EXP(1.0),21/07/22 23:00:00,A,PC_GDP,S13,GF05,TE,PT,2007,0.6,
ESTAT:GOV_10A_EXP(1.0),21/07/22 23:00:00,A,PC_GDP,S13,GF05,TE,PT,2008,0.7,
ESTAT:GOV_10A_EXP(1.0),21/07/22 23:00:00,A,PC_GDP,S13,GF05,TE,PT,2009,0.6,
ESTAT:GOV_10A_EXP(1.0),21/07/22 23:00:00,A,PC_GDP,S13,GF05,TE,PT,2010,0.7,
ESTAT:GOV_10A_EXP(1.0),21/07/22 23:00:00,A,PC_GDP,S13,GF05,TE,PT,2011,0.7,
ESTAT:GOV_10A_EXP(1.0),21/07/22 23:00:00,A,PC_GDP,S13,GF05,TE,PT,2012,0.6,
ESTAT:GOV_10A_EXP(1.0),21/07/22 23:00:00,A,PC_GDP,S13,GF05,TE,PT,2013,0.7,
ESTAT:GOV_10A_EXP(1.0),21/07/22 23:00:00,A,PC_GDP,S13,GF05,TE,PT,2014,0.6,
ESTAT:GOV_10A_EXP(1.0),21/07/22 23:00:00,A,PC_GDP,S13,GF05,TE,PT,2015,0.6,
ESTAT:GOV_10A_EXP(1.0),21/07/22 23:00:00,A,PC_GDP,S13,GF05,TE,PT,2016,0.6,
ESTAT:GOV_10A_EXP(1.0),21/07/22 23:00:00,A,PC_GDP,S13,GF05,TE,PT,2017,0.6,
ESTAT:GOV_10A_EXP(1.0),21/07/22 23:00:00,A,PC_GDP,S13,GF05,TE,PT,2018,0.6,
ESTAT:GOV_10A_EXP(1.0),21/07/22 23:00:00,A,PC_GDP,S13,GF05,TE,PT,2019,0.6,
ESTAT:GOV_10A_EXP(1.0),21/07/22 23:00:00,A,PC_GDP,S13,GF05,TE,PT,2020,0.7,p
ESTAT:GOV_10A_EXP(1.0),21/07/22 23:00:00,A,PC_GDP,S13,GF05,TE,RO,1995,0.2,
ESTAT:GOV_10A_EXP(1.0),21/07/22 23:00:00,A,PC_GDP,S13,GF05,TE,RO,1996,0.1,
ESTAT:GOV_10A_EXP(1.0),21/07/22 23:00:00,A,PC_GDP,S13,GF05,TE,RO,1997,0.2,
ESTAT:GOV_10A_EXP(1.0),21/07/22 23:00:00,A,PC_GDP,S13,GF05,TE,RO,1998,0.0,
ESTAT:GOV_10A_EXP(1.0),21/07/22 23:00:00,A,PC_GDP,S13,GF05,TE,RO,1999,0.0,
ESTAT:GOV_10A_EXP(1.0),21/07/22 23:00:00,A,PC_GDP,S13,GF05,TE,RO,2000,0.2,
ESTAT:GOV_10A_EXP(1.0),21/07/22 23:00:00,A,PC_GDP,S13,GF05,TE,RO,2001,0.3,
ESTAT:GOV_10A_EXP(1.0),21/07/22 23:00:00,A,PC_GDP,S13,GF05,TE,RO,2002,0.2,
ESTAT:GOV_10A_EXP(1.0),21/07/22 23:00:00,A,PC_GDP,S13,GF05,TE,RO,2003,0.2,
ESTAT:GOV_10A_EXP(1.0),21/07/22 23:00:00,A,PC_GDP,S13,GF05,TE,RO,2004,0.1,
ESTAT:GOV_10A_EXP(1.0),21/07/22 23:00:00,A,PC_GDP,S13,GF05,TE,RO,2005,0.3,
ESTAT:GOV_10A_EXP(1.0),21/07/22 23:00:00,A,PC_GDP,S13,GF05,TE,RO,2006,0.4,
ESTAT:GOV_10A_EXP(1.0),21/07/22 23:00:00,A,PC_GDP,S13,GF05,TE,RO,2007,0.4,
ESTAT:GOV_10A_EXP(1.0),21/07/22 23:00:00,A,PC_GDP,S13,GF05,TE,RO,2008,0.5,
ESTAT:GOV_10A_EXP(1.0),21/07/22 23:00:00,A,PC_GDP,S13,GF05,TE,RO,2009,0.6,
ESTAT:GOV_10A_EXP(1.0),21/07/22 23:00:00,A,PC_GDP,S13,GF05,TE,RO,2010,0.8,
ESTAT:GOV_10A_EXP(1.0),21/07/22 23:00:00,A,PC_GDP,S13,GF05,TE,RO,2011,0.9,
ESTAT:GOV_10A_EXP(1.0),21/07/22 23:00:00,A,PC_GDP,S13,GF05,TE,RO,2012,0.8,
ESTAT:GOV_10A_EXP(1.0),21/07/22 23:00:00,A,PC_GDP,S13,GF05,TE,RO,2013,0.8,
ESTAT:GOV_10A_EXP(1.0),21/07/22 23:00:00,A,PC_GDP,S13,GF05,TE,RO,2014,0.8,
ESTAT:GOV_10A_EXP(1.0),21/07/22 23:00:00,A,PC_GDP,S13,GF05,TE,RO,2015,1.0,
ESTAT:GOV_10A_EXP(1.0),21/07/22 23:00:00,A,PC_GDP,S13,GF05,TE,RO,2016,0.6,
ESTAT:GOV_10A_EXP(1.0),21/07/22 23:00:00,A,PC_GDP,S13,GF05,TE,RO,2017,0.5,
ESTAT:GOV_10A_EXP(1.0),21/07/22 23:00:00,A,PC_GDP,S13,GF05,TE,RO,2018,0.7,
ESTAT:GOV_10A_EXP(1.0),21/07/22 23:00:00,A,PC_GDP,S13,GF05,TE,RO,2019,0.7,
ESTAT:GOV_10A_EXP(1.0),21/07/22 23:00:00,A,PC_GDP,S13,GF05,TE,RO,2020,0.7,
ESTAT:GOV_10A_EXP(1.0),21/07/22 23:00:00,A,PC_GDP,S13,GF05,TE,SE,1995,0.3,
ESTAT:GOV_10A_EXP(1.0),21/07/22 23:00:00,A,PC_GDP,S13,GF05,TE,SE,1996,0.4,
ESTAT:GOV_10A_EXP(1.0),21/07/22 23:00:00,A,PC_GDP,S13,GF05,TE,SE,1997,0.4,
ESTAT:GOV_10A_EXP(1.0),21/07/22 23:00:00,A,PC_GDP,S13,GF05,TE,SE,1998,0.3,
ESTAT:GOV_10A_EXP(1.0),21/07/22 23:00:00,A,PC_GDP,S13,GF05,TE,SE,1999,0.3,
ESTAT:GOV_10A_EXP(1.0),21/07/22 23:00:00,A,PC_GDP,S13,GF05,TE,SE,2000,0.4,
ESTAT:GOV_10A_EXP(1.0),21/07/22 23:00:00,A,PC_GDP,S13,GF05,TE,SE,2001,0.4,
ESTAT:GOV_10A_EXP(1.0),21/07/22 23:00:00,A,PC_GDP,S13,GF05,TE,SE,2002,0.4,
ESTAT:GOV_10A_EXP(1.0),21/07/22 23:00:00,A,PC_GDP,S13,GF05,TE,SE,2003,0.4,
ESTAT:GOV_10A_EXP(1.0),21/07/22 23:00:00,A,PC_GDP,S13,GF05,TE,SE,2004,0.4,
ESTAT:GOV_10A_EXP(1.0),21/07/22 23:00:00,A,PC_GDP,S13,GF05,TE,SE,2005,0.5,
ESTAT:GOV_10A_EXP(1.0),21/07/22 23:00:00,A,PC_GDP,S13,GF05,TE,SE,2006,0.5,
ESTAT:GOV_10A_EXP(1.0),21/07/22 23:00:00,A,PC_GDP,S13,GF05,TE,SE,2007,0.5,
ESTAT:GOV_10A_EXP(1.0),21/07/22 23:00:00,A,PC_GDP,S13,GF05,TE,SE,2008,0.5,
ESTAT:GOV_10A_EXP(1.0),21/07/22 23:00:00,A,PC_GDP,S13,GF05,TE,SE,2009,0.5,
ESTAT:GOV_10A_EXP(1.0),21/07/22 23:00:00,A,PC_GDP,S13,GF05,TE,SE,2010,0.4,
ESTAT:GOV_10A_EXP(1.0),21/07/22 23:00:00,A,PC_GDP,S13,GF05,TE,SE,2011,0.4,
ESTAT:GOV_10A_EXP(1.0),21/07/22 23:00:00,A,PC_GDP,S13,GF05,TE,SE,2012,0.5,
ESTAT:GOV_10A_EXP(1.0),21/07/22 23:00:00,A,PC_GDP,S13,GF05,TE,SE,2013,0.5,
ESTAT:GOV_10A_EXP(1.0),21/07/22 23:00:00,A,PC_GDP,S13,GF05,TE,SE,2014,0.4,
ESTAT:GOV_10A_EXP(1.0),21/07/22 23:00:00,A,PC_GDP,S13,GF05,TE,SE,2015,0.4,
ESTAT:GOV_10A_EXP(1.0),21/07/22 23:00:00,A,PC_GDP,S13,GF05,TE,SE,2016,0.4,
ESTAT:GOV_10A_EXP(1.0),21/07/22 23:00:00,A,PC_GDP,S13,GF05,TE,SE,2017,0.5,
ESTAT:GOV_10A_EXP(1.0),21/07/22 23:00:00,A,PC_GDP,S13,GF05,TE,SE,2018,0.5,
ESTAT:GOV_10A_EXP(1.0),21/07/22 23:00:00,A,PC_GDP,S13,GF05,TE,SE,2019,0.5,
ESTAT:GOV_10A_EXP(1.0),21/07/22 23:00:00,A,PC_GDP,S13,GF05,TE,SE,2020,0.5,
ESTAT:GOV_10A_EXP(1.0),21/07/22 23:00:00,A,PC_GDP,S13,GF05,TE,SI,1995,0.6,
ESTAT:GOV_10A_EXP(1.0),21/07/22 23:00:00,A,PC_GDP,S13,GF05,TE,SI,1996,0.6,
ESTAT:GOV_10A_EXP(1.0),21/07/22 23:00:00,A,PC_GDP,S13,GF05,TE,SI,1997,0.6,
ESTAT:GOV_10A_EXP(1.0),21/07/22 23:00:00,A,PC_GDP,S13,GF05,TE,SI,1998,0.6,
ESTAT:GOV_10A_EXP(1.0),21/07/22 23:00:00,A,PC_GDP,S13,GF05,TE,SI,1999,0.6,
ESTAT:GOV_10A_EXP(1.0),21/07/22 23:00:00,A,PC_GDP,S13,GF05,TE,SI,2000,0.6,
ESTAT:GOV_10A_EXP(1.0),21/07/22 23:00:00,A,PC_GDP,S13,GF05,TE,SI,2001,0.8,
ESTAT:GOV_10A_EXP(1.0),21/07/22 23:00:00,A,PC_GDP,S13,GF05,TE,SI,2002,0.8,
ESTAT:GOV_10A_EXP(1.0),21/07/22 23:00:00,A,PC_GDP,S13,GF05,TE,SI,2003,0.9,
ESTAT:GOV_10A_EXP(1.0),21/07/22 23:00:00,A,PC_GDP,S13,GF05,TE,SI,2004,0.9,
ESTAT:GOV_10A_EXP(1.0),21/07/22 23:00:00,A,PC_GDP,S13,GF05,TE,SI,2005,0.8,
ESTAT:GOV_10A_EXP(1.0),21/07/22 23:00:00,A,PC_GDP,S13,GF05,TE,SI,2006,0.8,
ESTAT:GOV_10A_EXP(1.0),21/07/22 23:00:00,A,PC_GDP,S13,GF05,TE,SI,2007,0.7,
ESTAT:GOV_10A_EXP(1.0),21/07/22 23:00:00,A,PC_GDP,S13,GF05,TE,SI,2008,0.8,
ESTAT:GOV_10A_EXP(1.0),21/07/22 23:00:00,A,PC_GDP,S13,GF05,TE,SI,2009,0.9,
ESTAT:GOV_10A_EXP(1.0),21/07/22 23:00:00,A,PC_GDP,S13,GF05,TE,SI,2010,0.7,
ESTAT:GOV_10A_EXP(1.0),21/07/22 23:00:00,A,PC_GDP,S13,GF05,TE,SI,2011,0.8,
ESTAT:GOV_10A_EXP(1.0),21/07/22 23:00:00,A,PC_GDP,S13,GF05,TE,SI,2012,0.8,
ESTAT:GOV_10A_EXP(1.0),21/07/22 23:00:00,A,PC_GDP,S13,GF05,TE,SI,2013,0.7,
ESTAT:GOV_10A_EXP(1.0),21/07/22 23:00:00,A,PC_GDP,S13,GF05,TE,SI,2014,1.0,
ESTAT:GOV_10A_EXP(1.0),21/07/22 23:00:00,A,PC_GDP,S13,GF05,TE,SI,2015,1.0,
ESTAT:GOV_10A_EXP(1.0),21/07/22 23:00:00,A,PC_GDP,S13,GF05,TE,SI,2016,0.6,
ESTAT:GOV_10A_EXP(1.0),21/07/22 23:00:00,A,PC_GDP,S13,GF05,TE,SI,2017,0.5,
ESTAT:GOV_10A_EXP(1.0),21/07/22 23:00:00,A,PC_GDP,S13,GF05,TE,SI,2018,0.5,
ESTAT:GOV_10A_EXP(1.0),21/07/22 23:00:00,A,PC_GDP,S13,GF05,TE,SI,2019,0.6,
ESTAT:GOV_10A_EXP(1.0),21/07/22 23:00:00,A,PC_GDP,S13,GF05,TE,SI,2020,0.6,
ESTAT:GOV_10A_EXP(1.0),21/07/22 23:00:00,A,PC_GDP,S13,GF05,TE,SK,1995,1.6,
ESTAT:GOV_10A_EXP(1.0),21/07/22 23:00:00,A,PC_GDP,S13,GF05,TE,SK,1996,1.8,
ESTAT:GOV_10A_EXP(1.0),21/07/22 23:00:00,A,PC_GDP,S13,GF05,TE,SK,1997,1.3,
ESTAT:GOV_10A_EXP(1.0),21/07/22 23:00:00,A,PC_GDP,S13,GF05,TE,SK,1998,1.1,
ESTAT:GOV_10A_EXP(1.0),21/07/22 23:00:00,A,PC_GDP,S13,GF05,TE,SK,1999,1.2,
ESTAT:GOV_10A_EXP(1.0),21/07/22 23:00:00,A,PC_GDP,S13,GF05,TE,SK,2000,1.4,
ESTAT:GOV_10A_EXP(1.0),21/07/22 23:00:00,A,PC_GDP,S13,GF05,TE,SK,2001,0.9,
ESTAT:GOV_10A_EXP(1.0),21/07/22 23:00:00,A,PC_GDP,S13,GF05,TE,SK,2002,1.0,
ESTAT:GOV_10A_EXP(1.0),21/07/22 23:00:00,A,PC_GDP,S13,GF05,TE,SK,2003,1.1,
ESTAT:GOV_10A_EXP(1.0),21/07/22 23:00:00,A,PC_GDP,S13,GF05,TE,SK,2004,1.0,
ESTAT:GOV_10A_EXP(1.0),21/07/22 23:00:00,A,PC_GDP,S13,GF05,TE,SK,2005,1.1,
ESTAT:GOV_10A_EXP(1.0),21/07/22 23:00:00,A,PC_GDP,S13,GF05,TE,SK,2006,1.0,
ESTAT:GOV_10A_EXP(1.0),21/07/22 23:00:00,A,PC_GDP,S13,GF05,TE,SK,2007,0.7,
ESTAT:GOV_10A_EXP(1.0),21/07/22 23:00:00,A,PC_GDP,S13,GF05,TE,SK,2008,0.8,
ESTAT:GOV_10A_EXP(1.0),21/07/22 23:00:00,A,PC_GDP,S13,GF05,TE,SK,2009,0.9,
ESTAT:GOV_10A_EXP(1.0),21/07/22 23:00:00,A,PC_GDP,S13,GF05,TE,SK,2010,0.9,
ESTAT:GOV_10A_EXP(1.0),21/07/22 23:00:00,A,PC_GDP,S13,GF05,TE,SK,2011,0.8,
ESTAT:GOV_10A_EXP(1.0),21/07/22 23:00:00,A,PC_GDP,S13,GF05,TE,SK,2012,0.9,
ESTAT:GOV_10A_EXP(1.0),21/07/22 23:00:00,A,PC_GDP,S13,GF05,TE,SK,2013,0.9,
ESTAT:GOV_10A_EXP(1.0),21/07/22 23:00:00,A,PC_GDP,S13,GF05,TE,SK,2014,0.8,
ESTAT:GOV_10A_EXP(1.0),21/07/22 23:00:00,A,PC_GDP,S13,GF05,TE,SK,2015,0.9,
ESTAT:GOV_10A_EXP(1.0),21/07/22 23:00:00,A,PC_GDP,S13,GF05,TE,SK,2016,0.7,
ESTAT:GOV_10A_EXP(1.0),21/07/22 23:00:00,A,PC_GDP,S13,GF05,TE,SK,2017,0.8,
ESTAT:GOV_10A_EXP(1.0),21/07/22 23:00:00,A,PC_GDP,S13,GF05,TE,SK,2018,0.8,
ESTAT:GOV_10A_EXP(1.0),21/07/22 23:00:00,A,PC_GDP,S13,GF05,TE,SK,2019,0.8,
ESTAT:GOV_10A_EXP(1.0),21/07/22 23:00:00,A,PC_GDP,S13,GF05,TE,SK,2020,0.9,
